Record Length,2.500000e+03,,   0.008920000000,   0.62800,
Sample Interval,4.000000e-07,,   0.008920400000,   0.62800,
Trigger Point,-2.230000000000e+04,,   0.008920800000,   0.62800,
,,,   0.008921200000,   0.62800,
,,,   0.008921600000,   0.62800,
,,,   0.008922000000,   0.62800,
Source,CH1,,   0.008922400000,   0.63000,
Vertical Units,V,,   0.008922800000,   0.63000,
Vertical Scale,5.000000e-02,,   0.008923200000,   0.62600,
Vertical Offset,-7.000000e-01,,   0.008923600000,   0.62600,
Horizontal Units,s,,   0.008924000000,   0.62800,
Horizontal Scale,1.000000e-04,,   0.008924400000,   0.62400,
Pt Fmt,Y,,   0.008924800000,   0.62800,
Yzero,0.000000e+00,,   0.008925200000,   0.62800,
Probe Atten,1.000000e+00,,   0.008925600000,   0.62600,
Model Number,TDS2004C,,   0.008926000000,   0.62800,
Serial Number,C012926,,   0.008926400000,   0.62800,
Firmware Version,FV:v24.18,,   0.008926800000,   0.62800,
,,,0.008927200000,   0.62800,
,,,0.008927600000,   0.62800,
,,,0.008928000000,   0.62600,
,,,0.008928400000,   0.62800,
,,,0.008928800000,   0.62800,
,,,0.008929200000,   0.62800,
,,,0.008929600000,   0.62600,
,,,0.008930000000,   0.62800,
,,,0.008930400000,   0.63000,
,,,0.008930800000,   0.62800,
,,,0.008931200000,   0.62800,
,,,0.008931600000,   0.62600,
,,,0.008932000000,   0.62800,
,,,0.008932400000,   0.62600,
,,,0.008932800000,   0.63000,
,,,0.008933200000,   0.62800,
,,,0.008933600000,   0.63000,
,,,0.008934000000,   0.62800,
,,,0.008934400000,   0.62600,
,,,0.008934800000,   0.62800,
,,,0.008935200000,   0.62600,
,,,0.008935600000,   0.63000,
,,,0.008936000000,   0.62600,
,,,0.008936400000,   0.62800,
,,,0.008936800000,   0.62800,
,,,0.008937200000,   0.63000,
,,,0.008937600000,   0.62600,
,,,0.008938000000,   0.62800,
,,,0.008938400000,   0.62800,
,,,0.008938800000,   0.63000,
,,,0.008939200000,   0.63000,
,,,0.008939600000,   0.63000,
,,,0.008940000000,   0.63000,
,,,0.008940400000,   0.62800,
,,,0.008940800000,   0.62800,
,,,0.008941200000,   0.63000,
,,,0.008941600000,   0.63000,
,,,0.008942000000,   0.63000,
,,,0.008942400000,   0.62600,
,,,0.008942800000,   0.62800,
,,,0.008943200000,   0.63000,
,,,0.008943600000,   0.62800,
,,,0.008944000000,   0.63000,
,,,0.008944400000,   0.62800,
,,,0.008944800000,   0.62800,
,,,0.008945200000,   0.63000,
,,,0.008945600000,   0.62800,
,,,0.008946000000,   0.62800,
,,,0.008946400000,   0.62800,
,,,0.008946800000,   0.63200,
,,,0.008947200000,   0.63000,
,,,0.008947600000,   0.63000,
,,,0.008948000000,   0.63000,
,,,0.008948400000,   0.63200,
,,,0.008948800000,   0.62800,
,,,0.008949200000,   0.63000,
,,,0.008949600000,   0.62800,
,,,0.008950000000,   0.63200,
,,,0.008950400000,   0.62800,
,,,0.008950800000,   0.63000,
,,,0.008951200000,   0.62800,
,,,0.008951600000,   0.63200,
,,,0.008952000000,   0.63000,
,,,0.008952400000,   0.63000,
,,,0.008952800000,   0.63000,
,,,0.008953200000,   0.63000,
,,,0.008953600000,   0.63000,
,,,0.008954000000,   0.63000,
,,,0.008954400000,   0.63000,
,,,0.008954800000,   0.63000,
,,,0.008955200000,   0.63000,
,,,0.008955600000,   0.63000,
,,,0.008956000000,   0.63000,
,,,0.008956400000,   0.63000,
,,,0.008956800000,   0.63000,
,,,0.008957200000,   0.63000,
,,,0.008957600000,   0.63000,
,,,0.008958000000,   0.63200,
,,,0.008958400000,   0.63000,
,,,0.008958800000,   0.63200,
,,,0.008959200000,   0.63200,
,,,0.008959600000,   0.63000,
,,,0.008960000000,   0.63200,
,,,0.008960400000,   0.63200,
,,,0.008960800000,   0.63200,
,,,0.008961200000,   0.63200,
,,,0.008961600000,   0.63000,
,,,0.008962000000,   0.63200,
,,,0.008962400000,   0.63000,
,,,0.008962800000,   0.63200,
,,,0.008963200000,   0.63000,
,,,0.008963600000,   0.63200,
,,,0.008964000000,   0.63400,
,,,0.008964400000,   0.63200,
,,,0.008964800000,   0.63000,
,,,0.008965200000,   0.63000,
,,,0.008965600000,   0.63400,
,,,0.008966000000,   0.63200,
,,,0.008966400000,   0.63000,
,,,0.008966800000,   0.63200,
,,,0.008967200000,   0.63200,
,,,0.008967600000,   0.63200,
,,,0.008968000000,   0.63200,
,,,0.008968400000,   0.63200,
,,,0.008968800000,   0.63000,
,,,0.008969200000,   0.63400,
,,,0.008969600000,   0.63400,
,,,0.008970000000,   0.63400,
,,,0.008970400000,   0.63000,
,,,0.008970800000,   0.63400,
,,,0.008971200000,   0.63400,
,,,0.008971600000,   0.63200,
,,,0.008972000000,   0.63200,
,,,0.008972400000,   0.63200,
,,,0.008972800000,   0.63200,
,,,0.008973200000,   0.63600,
,,,0.008973600000,   0.63400,
,,,0.008974000000,   0.63400,
,,,0.008974400000,   0.63200,
,,,0.008974800000,   0.63400,
,,,0.008975200000,   0.63400,
,,,0.008975600000,   0.63600,
,,,0.008976000000,   0.63600,
,,,0.008976400000,   0.63400,
,,,0.008976800000,   0.63600,
,,,0.008977200000,   0.63400,
,,,0.008977600000,   0.63600,
,,,0.008978000000,   0.63400,
,,,0.008978400000,   0.63600,
,,,0.008978800000,   0.63400,
,,,0.008979200000,   0.63800,
,,,0.008979600000,   0.63800,
,,,0.008980000000,   0.63200,
,,,0.008980400000,   0.63600,
,,,0.008980800000,   0.63800,
,,,0.008981200000,   0.63600,
,,,0.008981600000,   0.63800,
,,,0.008982000000,   0.63600,
,,,0.008982400000,   0.63800,
,,,0.008982800000,   0.64000,
,,,0.008983200000,   0.63800,
,,,0.008983600000,   0.63600,
,,,0.008984000000,   0.63800,
,,,0.008984400000,   0.64000,
,,,0.008984800000,   0.63800,
,,,0.008985200000,   0.63800,
,,,0.008985600000,   0.63800,
,,,0.008986000000,   0.64000,
,,,0.008986400000,   0.64000,
,,,0.008986800000,   0.64200,
,,,0.008987200000,   0.64000,
,,,0.008987600000,   0.64200,
,,,0.008988000000,   0.64200,
,,,0.008988400000,   0.64400,
,,,0.008988800000,   0.64000,
,,,0.008989200000,   0.64400,
,,,0.008989600000,   0.64400,
,,,0.008990000000,   0.64400,
,,,0.008990400000,   0.64400,
,,,0.008990800000,   0.64000,
,,,0.008991200000,   0.64400,
,,,0.008991600000,   0.64600,
,,,0.008992000000,   0.64400,
,,,0.008992400000,   0.64400,
,,,0.008992800000,   0.64400,
,,,0.008993200000,   0.64400,
,,,0.008993600000,   0.64600,
,,,0.008994000000,   0.64600,
,,,0.008994400000,   0.64600,
,,,0.008994800000,   0.64600,
,,,0.008995200000,   0.64600,
,,,0.008995600000,   0.64600,
,,,0.008996000000,   0.64800,
,,,0.008996400000,   0.64800,
,,,0.008996800000,   0.65000,
,,,0.008997200000,   0.65000,
,,,0.008997600000,   0.64600,
,,,0.008998000000,   0.65000,
,,,0.008998400000,   0.64800,
,,,0.008998800000,   0.65000,
,,,0.008999200000,   0.64800,
,,,0.008999600000,   0.65200,
,,,0.009000000000,   0.65200,
,,,0.009000400000,   0.65000,
,,,0.009000800000,   0.65200,
,,,0.009001200000,   0.65400,
,,,0.009001600000,   0.65000,
,,,0.009002000000,   0.65000,
,,,0.009002400000,   0.65200,
,,,0.009002800000,   0.65200,
,,,0.009003200000,   0.65200,
,,,0.009003600000,   0.65200,
,,,0.009004000000,   0.65400,
,,,0.009004400000,   0.65400,
,,,0.009004800000,   0.65400,
,,,0.009005200000,   0.65400,
,,,0.009005600000,   0.65200,
,,,0.009006000000,   0.65600,
,,,0.009006400000,   0.65200,
,,,0.009006800000,   0.65200,
,,,0.009007200000,   0.65200,
,,,0.009007600000,   0.65600,
,,,0.009008000000,   0.65200,
,,,0.009008400000,   0.65400,
,,,0.009008800000,   0.65200,
,,,0.009009200000,   0.65400,
,,,0.009009600000,   0.65400,
,,,0.009010000000,   0.65400,
,,,0.009010400000,   0.65400,
,,,0.009010800000,   0.65400,
,,,0.009011200000,   0.65600,
,,,0.009011600000,   0.65400,
,,,0.009012000000,   0.65400,
,,,0.009012400000,   0.65400,
,,,0.009012800000,   0.65600,
,,,0.009013200000,   0.65400,
,,,0.009013600000,   0.65200,
,,,0.009014000000,   0.65400,
,,,0.009014400000,   0.65600,
,,,0.009014800000,   0.65400,
,,,0.009015200000,   0.65400,
,,,0.009015600000,   0.65200,
,,,0.009016000000,   0.65400,
,,,0.009016400000,   0.65600,
,,,0.009016800000,   0.65400,
,,,0.009017200000,   0.65400,
,,,0.009017600000,   0.65400,
,,,0.009018000000,   0.65200,
,,,0.009018400000,   0.65400,
,,,0.009018800000,   0.65600,
,,,0.009019200000,   0.65600,
,,,0.009019600000,   0.65400,
,,,0.009020000000,   0.65200,
,,,0.009020400000,   0.65400,
,,,0.009020800000,   0.65600,
,,,0.009021200000,   0.65200,
,,,0.009021600000,   0.65400,
,,,0.009022000000,   0.65400,
,,,0.009022400000,   0.65400,
,,,0.009022800000,   0.65400,
,,,0.009023200000,   0.65400,
,,,0.009023600000,   0.65200,
,,,0.009024000000,   0.65400,
,,,0.009024400000,   0.65400,
,,,0.009024800000,   0.65400,
,,,0.009025200000,   0.65200,
,,,0.009025600000,   0.65200,
,,,0.009026000000,   0.65400,
,,,0.009026400000,   0.65400,
,,,0.009026800000,   0.65200,
,,,0.009027200000,   0.65400,
,,,0.009027600000,   0.65400,
,,,0.009028000000,   0.65200,
,,,0.009028400000,   0.65200,
,,,0.009028800000,   0.65200,
,,,0.009029200000,   0.65400,
,,,0.009029600000,   0.65400,
,,,0.009030000000,   0.65200,
,,,0.009030400000,   0.65200,
,,,0.009030800000,   0.65200,
,,,0.009031200000,   0.65200,
,,,0.009031600000,   0.65200,
,,,0.009032000000,   0.65200,
,,,0.009032400000,   0.65200,
,,,0.009032800000,   0.65400,
,,,0.009033200000,   0.65000,
,,,0.009033600000,   0.65200,
,,,0.009034000000,   0.65000,
,,,0.009034400000,   0.65000,
,,,0.009034800000,   0.65200,
,,,0.009035200000,   0.65200,
,,,0.009035600000,   0.65200,
,,,0.009036000000,   0.64800,
,,,0.009036400000,   0.65000,
,,,0.009036800000,   0.65200,
,,,0.009037200000,   0.64800,
,,,0.009037600000,   0.65000,
,,,0.009038000000,   0.64800,
,,,0.009038400000,   0.64800,
,,,0.009038800000,   0.65000,
,,,0.009039200000,   0.65000,
,,,0.009039600000,   0.65000,
,,,0.009040000000,   0.65000,
,,,0.009040400000,   0.65000,
,,,0.009040800000,   0.65000,
,,,0.009041200000,   0.64800,
,,,0.009041600000,   0.65000,
,,,0.009042000000,   0.64800,
,,,0.009042400000,   0.64800,
,,,0.009042800000,   0.64800,
,,,0.009043200000,   0.64800,
,,,0.009043600000,   0.64800,
,,,0.009044000000,   0.64800,
,,,0.009044400000,   0.64600,
,,,0.009044800000,   0.65000,
,,,0.009045200000,   0.64600,
,,,0.009045600000,   0.64800,
,,,0.009046000000,   0.64800,
,,,0.009046400000,   0.64600,
,,,0.009046800000,   0.64800,
,,,0.009047200000,   0.64600,
,,,0.009047600000,   0.64600,
,,,0.009048000000,   0.64600,
,,,0.009048400000,   0.64800,
,,,0.009048800000,   0.64600,
,,,0.009049200000,   0.64600,
,,,0.009049600000,   0.64600,
,,,0.009050000000,   0.64400,
,,,0.009050400000,   0.64400,
,,,0.009050800000,   0.65000,
,,,0.009051200000,   0.64600,
,,,0.009051600000,   0.64800,
,,,0.009052000000,   0.64400,
,,,0.009052400000,   0.64600,
,,,0.009052800000,   0.64600,
,,,0.009053200000,   0.64400,
,,,0.009053600000,   0.64400,
,,,0.009054000000,   0.64600,
,,,0.009054400000,   0.64600,
,,,0.009054800000,   0.64400,
,,,0.009055200000,   0.64600,
,,,0.009055600000,   0.64400,
,,,0.009056000000,   0.64800,
,,,0.009056400000,   0.64200,
,,,0.009056800000,   0.64600,
,,,0.009057200000,   0.64400,
,,,0.009057600000,   0.64400,
,,,0.009058000000,   0.64200,
,,,0.009058400000,   0.64800,
,,,0.009058800000,   0.64600,
,,,0.009059200000,   0.64400,
,,,0.009059600000,   0.64000,
,,,0.009060000000,   0.64600,
,,,0.009060400000,   0.64400,
,,,0.009060800000,   0.64600,
,,,0.009061200000,   0.64400,
,,,0.009061600000,   0.64600,
,,,0.009062000000,   0.64400,
,,,0.009062400000,   0.64400,
,,,0.009062800000,   0.64200,
,,,0.009063200000,   0.64400,
,,,0.009063600000,   0.64600,
,,,0.009064000000,   0.64200,
,,,0.009064400000,   0.64200,
,,,0.009064800000,   0.64200,
,,,0.009065200000,   0.64400,
,,,0.009065600000,   0.64600,
,,,0.009066000000,   0.64400,
,,,0.009066400000,   0.64400,
,,,0.009066800000,   0.64400,
,,,0.009067200000,   0.64400,
,,,0.009067600000,   0.64200,
,,,0.009068000000,   0.64200,
,,,0.009068400000,   0.64200,
,,,0.009068800000,   0.64400,
,,,0.009069200000,   0.64400,
,,,0.009069600000,   0.64400,
,,,0.009070000000,   0.64200,
,,,0.009070400000,   0.64400,
,,,0.009070800000,   0.64400,
,,,0.009071200000,   0.64600,
,,,0.009071600000,   0.64200,
,,,0.009072000000,   0.64000,
,,,0.009072400000,   0.64000,
,,,0.009072800000,   0.64400,
,,,0.009073200000,   0.64400,
,,,0.009073600000,   0.64200,
,,,0.009074000000,   0.64400,
,,,0.009074400000,   0.64400,
,,,0.009074800000,   0.64200,
,,,0.009075200000,   0.64400,
,,,0.009075600000,   0.64400,
,,,0.009076000000,   0.64000,
,,,0.009076400000,   0.64200,
,,,0.009076800000,   0.64400,
,,,0.009077200000,   0.64600,
,,,0.009077600000,   0.64400,
,,,0.009078000000,   0.64400,
,,,0.009078400000,   0.64400,
,,,0.009078800000,   0.64200,
,,,0.009079200000,   0.64200,
,,,0.009079600000,   0.64400,
,,,0.009080000000,   0.64200,
,,,0.009080400000,   0.64200,
,,,0.009080800000,   0.64400,
,,,0.009081200000,   0.64400,
,,,0.009081600000,   0.64200,
,,,0.009082000000,   0.64400,
,,,0.009082400000,   0.64600,
,,,0.009082800000,   0.64200,
,,,0.009083200000,   0.64200,
,,,0.009083600000,   0.64600,
,,,0.009084000000,   0.64000,
,,,0.009084400000,   0.64400,
,,,0.009084800000,   0.64600,
,,,0.009085200000,   0.64400,
,,,0.009085600000,   0.64400,
,,,0.009086000000,   0.64400,
,,,0.009086400000,   0.64200,
,,,0.009086800000,   0.64600,
,,,0.009087200000,   0.64400,
,,,0.009087600000,   0.64400,
,,,0.009088000000,   0.64400,
,,,0.009088400000,   0.64400,
,,,0.009088800000,   0.64600,
,,,0.009089200000,   0.64400,
,,,0.009089600000,   0.64200,
,,,0.009090000000,   0.64400,
,,,0.009090400000,   0.64600,
,,,0.009090800000,   0.64400,
,,,0.009091200000,   0.64600,
,,,0.009091600000,   0.64400,
,,,0.009092000000,   0.64400,
,,,0.009092400000,   0.64200,
,,,0.009092800000,   0.64000,
,,,0.009093200000,   0.64400,
,,,0.009093600000,   0.64600,
,,,0.009094000000,   0.64600,
,,,0.009094400000,   0.64400,
,,,0.009094800000,   0.64200,
,,,0.009095200000,   0.64200,
,,,0.009095600000,   0.64400,
,,,0.009096000000,   0.64200,
,,,0.009096400000,   0.64600,
,,,0.009096800000,   0.64400,
,,,0.009097200000,   0.64200,
,,,0.009097600000,   0.64600,
,,,0.009098000000,   0.64600,
,,,0.009098400000,   0.64600,
,,,0.009098800000,   0.64200,
,,,0.009099200000,   0.64200,
,,,0.009099600000,   0.64600,
,,,0.009100000000,   0.64400,
,,,0.009100400000,   0.64400,
,,,0.009100800000,   0.64400,
,,,0.009101200000,   0.64600,
,,,0.009101600000,   0.64400,
,,,0.009102000000,   0.64600,
,,,0.009102400000,   0.64600,
,,,0.009102800000,   0.64400,
,,,0.009103200000,   0.64600,
,,,0.009103600000,   0.64400,
,,,0.009104000000,   0.64400,
,,,0.009104400000,   0.64400,
,,,0.009104800000,   0.64600,
,,,0.009105200000,   0.64600,
,,,0.009105600000,   0.64400,
,,,0.009106000000,   0.64600,
,,,0.009106400000,   0.64400,
,,,0.009106800000,   0.64400,
,,,0.009107200000,   0.64400,
,,,0.009107600000,   0.64600,
,,,0.009108000000,   0.64600,
,,,0.009108400000,   0.64800,
,,,0.009108800000,   0.64800,
,,,0.009109200000,   0.64600,
,,,0.009109600000,   0.64600,
,,,0.009110000000,   0.64800,
,,,0.009110400000,   0.64600,
,,,0.009110800000,   0.64600,
,,,0.009111200000,   0.64800,
,,,0.009111600000,   0.64600,
,,,0.009112000000,   0.64600,
,,,0.009112400000,   0.64600,
,,,0.009112800000,   0.64600,
,,,0.009113200000,   0.64600,
,,,0.009113600000,   0.64600,
,,,0.009114000000,   0.64800,
,,,0.009114400000,   0.64800,
,,,0.009114800000,   0.64800,
,,,0.009115200000,   0.65000,
,,,0.009115600000,   0.64400,
,,,0.009116000000,   0.64600,
,,,0.009116400000,   0.64600,
,,,0.009116800000,   0.64600,
,,,0.009117200000,   0.64800,
,,,0.009117600000,   0.64800,
,,,0.009118000000,   0.64600,
,,,0.009118400000,   0.64800,
,,,0.009118800000,   0.64600,
,,,0.009119200000,   0.65000,
,,,0.009119600000,   0.64600,
,,,0.009120000000,   0.64800,
,,,0.009120400000,   0.65000,
,,,0.009120800000,   0.64800,
,,,0.009121200000,   0.64800,
,,,0.009121600000,   0.65000,
,,,0.009122000000,   0.65000,
,,,0.009122400000,   0.64600,
,,,0.009122800000,   0.65000,
,,,0.009123200000,   0.65000,
,,,0.009123600000,   0.65000,
,,,0.009124000000,   0.65000,
,,,0.009124400000,   0.64600,
,,,0.009124800000,   0.65000,
,,,0.009125200000,   0.65000,
,,,0.009125600000,   0.64800,
,,,0.009126000000,   0.64800,
,,,0.009126400000,   0.65000,
,,,0.009126800000,   0.65000,
,,,0.009127200000,   0.64800,
,,,0.009127600000,   0.64800,
,,,0.009128000000,   0.64800,
,,,0.009128400000,   0.64800,
,,,0.009128800000,   0.65000,
,,,0.009129200000,   0.64600,
,,,0.009129600000,   0.65000,
,,,0.009130000000,   0.64800,
,,,0.009130400000,   0.65000,
,,,0.009130800000,   0.65200,
,,,0.009131200000,   0.65200,
,,,0.009131600000,   0.65200,
,,,0.009132000000,   0.65000,
,,,0.009132400000,   0.65000,
,,,0.009132800000,   0.64800,
,,,0.009133200000,   0.65000,
,,,0.009133600000,   0.65200,
,,,0.009134000000,   0.65000,
,,,0.009134400000,   0.65000,
,,,0.009134800000,   0.65200,
,,,0.009135200000,   0.65200,
,,,0.009135600000,   0.65000,
,,,0.009136000000,   0.65000,
,,,0.009136400000,   0.65200,
,,,0.009136800000,   0.65200,
,,,0.009137200000,   0.65400,
,,,0.009137600000,   0.65600,
,,,0.009138000000,   0.65400,
,,,0.009138400000,   0.65200,
,,,0.009138800000,   0.65000,
,,,0.009139200000,   0.65600,
,,,0.009139600000,   0.65600,
,,,0.009140000000,   0.65400,
,,,0.009140400000,   0.65400,
,,,0.009140800000,   0.65200,
,,,0.009141200000,   0.65600,
,,,0.009141600000,   0.65400,
,,,0.009142000000,   0.65400,
,,,0.009142400000,   0.65200,
,,,0.009142800000,   0.65800,
,,,0.009143200000,   0.65400,
,,,0.009143600000,   0.65400,
,,,0.009144000000,   0.65200,
,,,0.009144400000,   0.65400,
,,,0.009144800000,   0.65600,
,,,0.009145200000,   0.65600,
,,,0.009145600000,   0.65600,
,,,0.009146000000,   0.65400,
,,,0.009146400000,   0.65600,
,,,0.009146800000,   0.65400,
,,,0.009147200000,   0.65800,
,,,0.009147600000,   0.65400,
,,,0.009148000000,   0.65600,
,,,0.009148400000,   0.65400,
,,,0.009148800000,   0.65600,
,,,0.009149200000,   0.65600,
,,,0.009149600000,   0.65600,
,,,0.009150000000,   0.65800,
,,,0.009150400000,   0.65600,
,,,0.009150800000,   0.65400,
,,,0.009151200000,   0.65600,
,,,0.009151600000,   0.65800,
,,,0.009152000000,   0.65600,
,,,0.009152400000,   0.65600,
,,,0.009152800000,   0.65400,
,,,0.009153200000,   0.65800,
,,,0.009153600000,   0.65800,
,,,0.009154000000,   0.65600,
,,,0.009154400000,   0.65800,
,,,0.009154800000,   0.66000,
,,,0.009155200000,   0.65800,
,,,0.009155600000,   0.65800,
,,,0.009156000000,   0.66000,
,,,0.009156400000,   0.65600,
,,,0.009156800000,   0.65800,
,,,0.009157200000,   0.65600,
,,,0.009157600000,   0.65600,
,,,0.009158000000,   0.66200,
,,,0.009158400000,   0.66000,
,,,0.009158800000,   0.66000,
,,,0.009159200000,   0.66200,
,,,0.009159600000,   0.66000,
,,,0.009160000000,   0.66000,
,,,0.009160400000,   0.66200,
,,,0.009160800000,   0.65800,
,,,0.009161200000,   0.66000,
,,,0.009161600000,   0.66000,
,,,0.009162000000,   0.66000,
,,,0.009162400000,   0.66200,
,,,0.009162800000,   0.66000,
,,,0.009163200000,   0.66000,
,,,0.009163600000,   0.66000,
,,,0.009164000000,   0.66000,
,,,0.009164400000,   0.66200,
,,,0.009164800000,   0.66400,
,,,0.009165200000,   0.66400,
,,,0.009165600000,   0.66200,
,,,0.009166000000,   0.66200,
,,,0.009166400000,   0.66200,
,,,0.009166800000,   0.66200,
,,,0.009167200000,   0.66400,
,,,0.009167600000,   0.66400,
,,,0.009168000000,   0.66400,
,,,0.009168400000,   0.66400,
,,,0.009168800000,   0.66000,
,,,0.009169200000,   0.66400,
,,,0.009169600000,   0.66400,
,,,0.009170000000,   0.66400,
,,,0.009170400000,   0.66600,
,,,0.009170800000,   0.66600,
,,,0.009171200000,   0.66800,
,,,0.009171600000,   0.66600,
,,,0.009172000000,   0.66400,
,,,0.009172400000,   0.66600,
,,,0.009172800000,   0.66600,
,,,0.009173200000,   0.66600,
,,,0.009173600000,   0.66600,
,,,0.009174000000,   0.67000,
,,,0.009174400000,   0.66600,
,,,0.009174800000,   0.67000,
,,,0.009175200000,   0.66600,
,,,0.009175600000,   0.66800,
,,,0.009176000000,   0.67000,
,,,0.009176400000,   0.66800,
,,,0.009176800000,   0.66800,
,,,0.009177200000,   0.66800,
,,,0.009177600000,   0.67200,
,,,0.009178000000,   0.67000,
,,,0.009178400000,   0.66800,
,,,0.009178800000,   0.67000,
,,,0.009179200000,   0.67000,
,,,0.009179600000,   0.67200,
,,,0.009180000000,   0.66800,
,,,0.009180400000,   0.67000,
,,,0.009180800000,   0.67600,
,,,0.009181200000,   0.67400,
,,,0.009181600000,   0.67400,
,,,0.009182000000,   0.67000,
,,,0.009182400000,   0.67600,
,,,0.009182800000,   0.67200,
,,,0.009183200000,   0.67600,
,,,0.009183600000,   0.67000,
,,,0.009184000000,   0.67400,
,,,0.009184400000,   0.67600,
,,,0.009184800000,   0.67600,
,,,0.009185200000,   0.67600,
,,,0.009185600000,   0.67200,
,,,0.009186000000,   0.67600,
,,,0.009186400000,   0.67600,
,,,0.009186800000,   0.67600,
,,,0.009187200000,   0.67600,
,,,0.009187600000,   0.67800,
,,,0.009188000000,   0.67800,
,,,0.009188400000,   0.67600,
,,,0.009188800000,   0.67400,
,,,0.009189200000,   0.67800,
,,,0.009189600000,   0.67800,
,,,0.009190000000,   0.67600,
,,,0.009190400000,   0.68000,
,,,0.009190800000,   0.67800,
,,,0.009191200000,   0.67800,
,,,0.009191600000,   0.67800,
,,,0.009192000000,   0.67800,
,,,0.009192400000,   0.67800,
,,,0.009192800000,   0.67800,
,,,0.009193200000,   0.68000,
,,,0.009193600000,   0.67800,
,,,0.009194000000,   0.67600,
,,,0.009194400000,   0.68200,
,,,0.009194800000,   0.68200,
,,,0.009195200000,   0.68200,
,,,0.009195600000,   0.68200,
,,,0.009196000000,   0.68000,
,,,0.009196400000,   0.68400,
,,,0.009196800000,   0.68200,
,,,0.009197200000,   0.68400,
,,,0.009197600000,   0.68400,
,,,0.009198000000,   0.68400,
,,,0.009198400000,   0.68400,
,,,0.009198800000,   0.68400,
,,,0.009199200000,   0.68400,
,,,0.009199600000,   0.68600,
,,,0.009200000000,   0.68600,
,,,0.009200400000,   0.68600,
,,,0.009200800000,   0.68800,
,,,0.009201200000,   0.68800,
,,,0.009201600000,   0.68600,
,,,0.009202000000,   0.68600,
,,,0.009202400000,   0.68800,
,,,0.009202800000,   0.68600,
,,,0.009203200000,   0.68800,
,,,0.009203600000,   0.68800,
,,,0.009204000000,   0.69000,
,,,0.009204400000,   0.69000,
,,,0.009204800000,   0.69000,
,,,0.009205200000,   0.69000,
,,,0.009205600000,   0.69200,
,,,0.009206000000,   0.68800,
,,,0.009206400000,   0.69200,
,,,0.009206800000,   0.69000,
,,,0.009207200000,   0.69200,
,,,0.009207600000,   0.69400,
,,,0.009208000000,   0.69400,
,,,0.009208400000,   0.69200,
,,,0.009208800000,   0.69400,
,,,0.009209200000,   0.69400,
,,,0.009209600000,   0.69600,
,,,0.009210000000,   0.69600,
,,,0.009210400000,   0.69400,
,,,0.009210800000,   0.70000,
,,,0.009211200000,   0.70000,
,,,0.009211600000,   0.69400,
,,,0.009212000000,   0.69600,
,,,0.009212400000,   0.69800,
,,,0.009212800000,   0.70000,
,,,0.009213200000,   0.69800,
,,,0.009213600000,   0.70000,
,,,0.009214000000,   0.70200,
,,,0.009214400000,   0.70200,
,,,0.009214800000,   0.70200,
,,,0.009215200000,   0.70200,
,,,0.009215600000,   0.70200,
,,,0.009216000000,   0.70400,
,,,0.009216400000,   0.70200,
,,,0.009216800000,   0.70600,
,,,0.009217200000,   0.70600,
,,,0.009217600000,   0.70600,
,,,0.009218000000,   0.70600,
,,,0.009218400000,   0.70800,
,,,0.009218800000,   0.70800,
,,,0.009219200000,   0.70800,
,,,0.009219600000,   0.70800,
,,,0.009220000000,   0.71000,
,,,0.009220400000,   0.71200,
,,,0.009220800000,   0.71200,
,,,0.009221200000,   0.71200,
,,,0.009221600000,   0.71000,
,,,0.009222000000,   0.71400,
,,,0.009222400000,   0.71600,
,,,0.009222800000,   0.71400,
,,,0.009223200000,   0.71400,
,,,0.009223600000,   0.71600,
,,,0.009224000000,   0.71600,
,,,0.009224400000,   0.71800,
,,,0.009224800000,   0.71800,
,,,0.009225200000,   0.71800,
,,,0.009225600000,   0.72000,
,,,0.009226000000,   0.71800,
,,,0.009226400000,   0.72200,
,,,0.009226800000,   0.72000,
,,,0.009227200000,   0.72400,
,,,0.009227600000,   0.72200,
,,,0.009228000000,   0.72400,
,,,0.009228400000,   0.72400,
,,,0.009228800000,   0.72600,
,,,0.009229200000,   0.72600,
,,,0.009229600000,   0.72800,
,,,0.009230000000,   0.72600,
,,,0.009230400000,   0.72800,
,,,0.009230800000,   0.73000,
,,,0.009231200000,   0.72800,
,,,0.009231600000,   0.73000,
,,,0.009232000000,   0.73000,
,,,0.009232400000,   0.73200,
,,,0.009232800000,   0.73200,
,,,0.009233200000,   0.73000,
,,,0.009233600000,   0.73600,
,,,0.009234000000,   0.73800,
,,,0.009234400000,   0.73600,
,,,0.009234800000,   0.73600,
,,,0.009235200000,   0.73600,
,,,0.009235600000,   0.73800,
,,,0.009236000000,   0.74000,
,,,0.009236400000,   0.73800,
,,,0.009236800000,   0.74000,
,,,0.009237200000,   0.74200,
,,,0.009237600000,   0.74200,
,,,0.009238000000,   0.74400,
,,,0.009238400000,   0.74600,
,,,0.009238800000,   0.74400,
,,,0.009239200000,   0.74600,
,,,0.009239600000,   0.74600,
,,,0.009240000000,   0.74600,
,,,0.009240400000,   0.74800,
,,,0.009240800000,   0.75000,
,,,0.009241200000,   0.74800,
,,,0.009241600000,   0.75000,
,,,0.009242000000,   0.75200,
,,,0.009242400000,   0.75200,
,,,0.009242800000,   0.75600,
,,,0.009243200000,   0.75600,
,,,0.009243600000,   0.75800,
,,,0.009244000000,   0.75600,
,,,0.009244400000,   0.75800,
,,,0.009244800000,   0.75800,
,,,0.009245200000,   0.76200,
,,,0.009245600000,   0.75800,
,,,0.009246000000,   0.76200,
,,,0.009246400000,   0.76000,
,,,0.009246800000,   0.76200,
,,,0.009247200000,   0.76600,
,,,0.009247600000,   0.76800,
,,,0.009248000000,   0.76400,
,,,0.009248400000,   0.76800,
,,,0.009248800000,   0.76800,
,,,0.009249200000,   0.76800,
,,,0.009249600000,   0.77200,
,,,0.009250000000,   0.77000,
,,,0.009250400000,   0.77200,
,,,0.009250800000,   0.77400,
,,,0.009251200000,   0.77000,
,,,0.009251600000,   0.77600,
,,,0.009252000000,   0.77600,
,,,0.009252400000,   0.77600,
,,,0.009252800000,   0.77600,
,,,0.009253200000,   0.77800,
,,,0.009253600000,   0.77800,
,,,0.009254000000,   0.78000,
,,,0.009254400000,   0.78200,
,,,0.009254800000,   0.78400,
,,,0.009255200000,   0.78000,
,,,0.009255600000,   0.78400,
,,,0.009256000000,   0.78200,
,,,0.009256400000,   0.78600,
,,,0.009256800000,   0.78400,
,,,0.009257200000,   0.78600,
,,,0.009257600000,   0.78400,
,,,0.009258000000,   0.79000,
,,,0.009258400000,   0.79000,
,,,0.009258800000,   0.78800,
,,,0.009259200000,   0.79000,
,,,0.009259600000,   0.79000,
,,,0.009260000000,   0.79200,
,,,0.009260400000,   0.79400,
,,,0.009260800000,   0.79600,
,,,0.009261200000,   0.79200,
,,,0.009261600000,   0.79600,
,,,0.009262000000,   0.79600,
,,,0.009262400000,   0.79400,
,,,0.009262800000,   0.79600,
,,,0.009263200000,   0.79400,
,,,0.009263600000,   0.80000,
,,,0.009264000000,   0.79800,
,,,0.009264400000,   0.79600,
,,,0.009264800000,   0.79800,
,,,0.009265200000,   0.79800,
,,,0.009265600000,   0.79800,
,,,0.009266000000,   0.80000,
,,,0.009266400000,   0.80000,
,,,0.009266800000,   0.80200,
,,,0.009267200000,   0.80200,
,,,0.009267600000,   0.80200,
,,,0.009268000000,   0.80000,
,,,0.009268400000,   0.80400,
,,,0.009268800000,   0.80200,
,,,0.009269200000,   0.80200,
,,,0.009269600000,   0.80400,
,,,0.009270000000,   0.80400,
,,,0.009270400000,   0.80400,
,,,0.009270800000,   0.80600,
,,,0.009271200000,   0.80000,
,,,0.009271600000,   0.80600,
,,,0.009272000000,   0.80600,
,,,0.009272400000,   0.80400,
,,,0.009272800000,   0.80400,
,,,0.009273200000,   0.80400,
,,,0.009273600000,   0.80400,
,,,0.009274000000,   0.80400,
,,,0.009274400000,   0.80400,
,,,0.009274800000,   0.80200,
,,,0.009275200000,   0.80600,
,,,0.009275600000,   0.80600,
,,,0.009276000000,   0.80400,
,,,0.009276400000,   0.80400,
,,,0.009276800000,   0.80200,
,,,0.009277200000,   0.80600,
,,,0.009277600000,   0.80400,
,,,0.009278000000,   0.80400,
,,,0.009278400000,   0.80400,
,,,0.009278800000,   0.80600,
,,,0.009279200000,   0.80600,
,,,0.009279600000,   0.80400,
,,,0.009280000000,   0.80400,
,,,0.009280400000,   0.80400,
,,,0.009280800000,   0.80200,
,,,0.009281200000,   0.80400,
,,,0.009281600000,   0.80200,
,,,0.009282000000,   0.80400,
,,,0.009282400000,   0.80200,
,,,0.009282800000,   0.80200,
,,,0.009283200000,   0.80000,
,,,0.009283600000,   0.80000,
,,,0.009284000000,   0.80200,
,,,0.009284400000,   0.80200,
,,,0.009284800000,   0.80200,
,,,0.009285200000,   0.80000,
,,,0.009285600000,   0.79800,
,,,0.009286000000,   0.80000,
,,,0.009286400000,   0.79800,
,,,0.009286800000,   0.79600,
,,,0.009287200000,   0.80000,
,,,0.009287600000,   0.79400,
,,,0.009288000000,   0.79600,
,,,0.009288400000,   0.79600,
,,,0.009288800000,   0.79800,
,,,0.009289200000,   0.79400,
,,,0.009289600000,   0.79600,
,,,0.009290000000,   0.79800,
,,,0.009290400000,   0.79600,
,,,0.009290800000,   0.79400,
,,,0.009291200000,   0.79400,
,,,0.009291600000,   0.79200,
,,,0.009292000000,   0.79000,
,,,0.009292400000,   0.79200,
,,,0.009292800000,   0.79200,
,,,0.009293200000,   0.79000,
,,,0.009293600000,   0.79000,
,,,0.009294000000,   0.79000,
,,,0.009294400000,   0.78800,
,,,0.009294800000,   0.78800,
,,,0.009295200000,   0.79000,
,,,0.009295600000,   0.78800,
,,,0.009296000000,   0.78800,
,,,0.009296400000,   0.78800,
,,,0.009296800000,   0.78600,
,,,0.009297200000,   0.78600,
,,,0.009297600000,   0.78600,
,,,0.009298000000,   0.78400,
,,,0.009298400000,   0.78400,
,,,0.009298800000,   0.78600,
,,,0.009299200000,   0.78200,
,,,0.009299600000,   0.78400,
,,,0.009300000000,   0.78400,
,,,0.009300400000,   0.78400,
,,,0.009300800000,   0.77800,
,,,0.009301200000,   0.78200,
,,,0.009301600000,   0.78200,
,,,0.009302000000,   0.78000,
,,,0.009302400000,   0.78000,
,,,0.009302800000,   0.78200,
,,,0.009303200000,   0.78200,
,,,0.009303600000,   0.78000,
,,,0.009304000000,   0.78000,
,,,0.009304400000,   0.77800,
,,,0.009304800000,   0.77600,
,,,0.009305200000,   0.77600,
,,,0.009305600000,   0.77600,
,,,0.009306000000,   0.77400,
,,,0.009306400000,   0.77600,
,,,0.009306800000,   0.77600,
,,,0.009307200000,   0.77600,
,,,0.009307600000,   0.77400,
,,,0.009308000000,   0.77400,
,,,0.009308400000,   0.77200,
,,,0.009308800000,   0.77600,
,,,0.009309200000,   0.77000,
,,,0.009309600000,   0.77200,
,,,0.009310000000,   0.77000,
,,,0.009310400000,   0.77200,
,,,0.009310800000,   0.77200,
,,,0.009311200000,   0.76800,
,,,0.009311600000,   0.76800,
,,,0.009312000000,   0.77000,
,,,0.009312400000,   0.76800,
,,,0.009312800000,   0.76800,
,,,0.009313200000,   0.76800,
,,,0.009313600000,   0.76800,
,,,0.009314000000,   0.76600,
,,,0.009314400000,   0.76600,
,,,0.009314800000,   0.76400,
,,,0.009315200000,   0.76400,
,,,0.009315600000,   0.76200,
,,,0.009316000000,   0.76600,
,,,0.009316400000,   0.76400,
,,,0.009316800000,   0.76400,
,,,0.009317200000,   0.76000,
,,,0.009317600000,   0.76400,
,,,0.009318000000,   0.76200,
,,,0.009318400000,   0.76400,
,,,0.009318800000,   0.76200,
,,,0.009319200000,   0.76200,
,,,0.009319600000,   0.76200,
,,,0.009320000000,   0.75800,
,,,0.009320400000,   0.76000,
,,,0.009320800000,   0.76000,
,,,0.009321200000,   0.75800,
,,,0.009321600000,   0.75800,
,,,0.009322000000,   0.76000,
,,,0.009322400000,   0.76000,
,,,0.009322800000,   0.75800,
,,,0.009323200000,   0.75800,
,,,0.009323600000,   0.75800,
,,,0.009324000000,   0.75800,
,,,0.009324400000,   0.75800,
,,,0.009324800000,   0.75800,
,,,0.009325200000,   0.75600,
,,,0.009325600000,   0.75600,
,,,0.009326000000,   0.75800,
,,,0.009326400000,   0.75600,
,,,0.009326800000,   0.75600,
,,,0.009327200000,   0.75200,
,,,0.009327600000,   0.75400,
,,,0.009328000000,   0.75400,
,,,0.009328400000,   0.75200,
,,,0.009328800000,   0.75000,
,,,0.009329200000,   0.75200,
,,,0.009329600000,   0.75400,
,,,0.009330000000,   0.75200,
,,,0.009330400000,   0.75000,
,,,0.009330800000,   0.75000,
,,,0.009331200000,   0.75400,
,,,0.009331600000,   0.75000,
,,,0.009332000000,   0.75200,
,,,0.009332400000,   0.75000,
,,,0.009332800000,   0.75000,
,,,0.009333200000,   0.75200,
,,,0.009333600000,   0.75000,
,,,0.009334000000,   0.75200,
,,,0.009334400000,   0.74800,
,,,0.009334800000,   0.74800,
,,,0.009335200000,   0.74800,
,,,0.009335600000,   0.75000,
,,,0.009336000000,   0.74800,
,,,0.009336400000,   0.75000,
,,,0.009336800000,   0.74600,
,,,0.009337200000,   0.74800,
,,,0.009337600000,   0.74600,
,,,0.009338000000,   0.74600,
,,,0.009338400000,   0.75000,
,,,0.009338800000,   0.74600,
,,,0.009339200000,   0.74600,
,,,0.009339600000,   0.74600,
,,,0.009340000000,   0.74400,
,,,0.009340400000,   0.74400,
,,,0.009340800000,   0.74600,
,,,0.009341200000,   0.74600,
,,,0.009341600000,   0.74400,
,,,0.009342000000,   0.74400,
,,,0.009342400000,   0.74400,
,,,0.009342800000,   0.74800,
,,,0.009343200000,   0.74400,
,,,0.009343600000,   0.74800,
,,,0.009344000000,   0.74600,
,,,0.009344400000,   0.74800,
,,,0.009344800000,   0.74600,
,,,0.009345200000,   0.74400,
,,,0.009345600000,   0.74200,
,,,0.009346000000,   0.74800,
,,,0.009346400000,   0.74600,
,,,0.009346800000,   0.74400,
,,,0.009347200000,   0.74600,
,,,0.009347600000,   0.74400,
,,,0.009348000000,   0.74600,
,,,0.009348400000,   0.74400,
,,,0.009348800000,   0.74600,
,,,0.009349200000,   0.74400,
,,,0.009349600000,   0.74600,
,,,0.009350000000,   0.74600,
,,,0.009350400000,   0.74400,
,,,0.009350800000,   0.74400,
,,,0.009351200000,   0.74200,
,,,0.009351600000,   0.74800,
,,,0.009352000000,   0.74400,
,,,0.009352400000,   0.74600,
,,,0.009352800000,   0.74600,
,,,0.009353200000,   0.74400,
,,,0.009353600000,   0.74400,
,,,0.009354000000,   0.74400,
,,,0.009354400000,   0.74600,
,,,0.009354800000,   0.74400,
,,,0.009355200000,   0.74600,
,,,0.009355600000,   0.74600,
,,,0.009356000000,   0.74600,
,,,0.009356400000,   0.74600,
,,,0.009356800000,   0.74400,
,,,0.009357200000,   0.74800,
,,,0.009357600000,   0.74800,
,,,0.009358000000,   0.74600,
,,,0.009358400000,   0.74800,
,,,0.009358800000,   0.75000,
,,,0.009359200000,   0.74600,
,,,0.009359600000,   0.74800,
,,,0.009360000000,   0.74800,
,,,0.009360400000,   0.74800,
,,,0.009360800000,   0.74800,
,,,0.009361200000,   0.74800,
,,,0.009361600000,   0.74600,
,,,0.009362000000,   0.75200,
,,,0.009362400000,   0.75000,
,,,0.009362800000,   0.75000,
,,,0.009363200000,   0.75000,
,,,0.009363600000,   0.74800,
,,,0.009364000000,   0.75000,
,,,0.009364400000,   0.75000,
,,,0.009364800000,   0.75000,
,,,0.009365200000,   0.75000,
,,,0.009365600000,   0.75200,
,,,0.009366000000,   0.75400,
,,,0.009366400000,   0.75400,
,,,0.009366800000,   0.75000,
,,,0.009367200000,   0.75200,
,,,0.009367600000,   0.75600,
,,,0.009368000000,   0.75600,
,,,0.009368400000,   0.75400,
,,,0.009368800000,   0.75600,
,,,0.009369200000,   0.75800,
,,,0.009369600000,   0.75600,
,,,0.009370000000,   0.75600,
,,,0.009370400000,   0.75800,
,,,0.009370800000,   0.75600,
,,,0.009371200000,   0.75800,
,,,0.009371600000,   0.75800,
,,,0.009372000000,   0.76000,
,,,0.009372400000,   0.75800,
,,,0.009372800000,   0.76200,
,,,0.009373200000,   0.76200,
,,,0.009373600000,   0.76000,
,,,0.009374000000,   0.76400,
,,,0.009374400000,   0.76400,
,,,0.009374800000,   0.76000,
,,,0.009375200000,   0.76400,
,,,0.009375600000,   0.76600,
,,,0.009376000000,   0.76200,
,,,0.009376400000,   0.76400,
,,,0.009376800000,   0.76400,
,,,0.009377200000,   0.76800,
,,,0.009377600000,   0.76600,
,,,0.009378000000,   0.76800,
,,,0.009378400000,   0.76800,
,,,0.009378800000,   0.76800,
,,,0.009379200000,   0.76800,
,,,0.009379600000,   0.76800,
,,,0.009380000000,   0.76800,
,,,0.009380400000,   0.77200,
,,,0.009380800000,   0.77000,
,,,0.009381200000,   0.77200,
,,,0.009381600000,   0.77200,
,,,0.009382000000,   0.77400,
,,,0.009382400000,   0.77600,
,,,0.009382800000,   0.77400,
,,,0.009383200000,   0.77600,
,,,0.009383600000,   0.77400,
,,,0.009384000000,   0.77400,
,,,0.009384400000,   0.77600,
,,,0.009384800000,   0.77600,
,,,0.009385200000,   0.77600,
,,,0.009385600000,   0.78000,
,,,0.009386000000,   0.78000,
,,,0.009386400000,   0.78000,
,,,0.009386800000,   0.78000,
,,,0.009387200000,   0.78200,
,,,0.009387600000,   0.78400,
,,,0.009388000000,   0.78200,
,,,0.009388400000,   0.78200,
,,,0.009388800000,   0.78200,
,,,0.009389200000,   0.78600,
,,,0.009389600000,   0.78600,
,,,0.009390000000,   0.78400,
,,,0.009390400000,   0.78600,
,,,0.009390800000,   0.78600,
,,,0.009391200000,   0.79000,
,,,0.009391600000,   0.78800,
,,,0.009392000000,   0.78800,
,,,0.009392400000,   0.79000,
,,,0.009392800000,   0.78800,
,,,0.009393200000,   0.79000,
,,,0.009393600000,   0.79200,
,,,0.009394000000,   0.78800,
,,,0.009394400000,   0.79200,
,,,0.009394800000,   0.79000,
,,,0.009395200000,   0.79200,
,,,0.009395600000,   0.79200,
,,,0.009396000000,   0.79400,
,,,0.009396400000,   0.79000,
,,,0.009396800000,   0.79200,
,,,0.009397200000,   0.79200,
,,,0.009397600000,   0.79400,
,,,0.009398000000,   0.79400,
,,,0.009398400000,   0.79400,
,,,0.009398800000,   0.79400,
,,,0.009399200000,   0.79400,
,,,0.009399600000,   0.79400,
,,,0.009400000000,   0.79800,
,,,0.009400400000,   0.79600,
,,,0.009400800000,   0.79400,
,,,0.009401200000,   0.79800,
,,,0.009401600000,   0.79600,
,,,0.009402000000,   0.79800,
,,,0.009402400000,   0.79800,
,,,0.009402800000,   0.79600,
,,,0.009403200000,   0.79600,
,,,0.009403600000,   0.79800,
,,,0.009404000000,   0.79800,
,,,0.009404400000,   0.79600,
,,,0.009404800000,   0.79800,
,,,0.009405200000,   0.79800,
,,,0.009405600000,   0.80000,
,,,0.009406000000,   0.79600,
,,,0.009406400000,   0.79400,
,,,0.009406800000,   0.79600,
,,,0.009407200000,   0.79600,
,,,0.009407600000,   0.79600,
,,,0.009408000000,   0.79600,
,,,0.009408400000,   0.79600,
,,,0.009408800000,   0.79800,
,,,0.009409200000,   0.79600,
,,,0.009409600000,   0.79400,
,,,0.009410000000,   0.79400,
,,,0.009410400000,   0.79400,
,,,0.009410800000,   0.79600,
,,,0.009411200000,   0.79400,
,,,0.009411600000,   0.79800,
,,,0.009412000000,   0.79400,
,,,0.009412400000,   0.79600,
,,,0.009412800000,   0.79400,
,,,0.009413200000,   0.79200,
,,,0.009413600000,   0.79400,
,,,0.009414000000,   0.79400,
,,,0.009414400000,   0.79400,
,,,0.009414800000,   0.79600,
,,,0.009415200000,   0.79200,
,,,0.009415600000,   0.79000,
,,,0.009416000000,   0.79200,
,,,0.009416400000,   0.79200,
,,,0.009416800000,   0.79400,
,,,0.009417200000,   0.79200,
,,,0.009417600000,   0.79200,
,,,0.009418000000,   0.79000,
,,,0.009418400000,   0.79000,
,,,0.009418800000,   0.78800,
,,,0.009419200000,   0.79000,
,,,0.009419600000,   0.78600,
,,,0.009420000000,   0.78800,
,,,0.009420400000,   0.78800,
,,,0.009420800000,   0.78800,
,,,0.009421200000,   0.78400,
,,,0.009421600000,   0.78400,
,,,0.009422000000,   0.78600,
,,,0.009422400000,   0.78400,
,,,0.009422800000,   0.78600,
,,,0.009423200000,   0.78600,
,,,0.009423600000,   0.78400,
,,,0.009424000000,   0.78200,
,,,0.009424400000,   0.78200,
,,,0.009424800000,   0.78200,
,,,0.009425200000,   0.78200,
,,,0.009425600000,   0.78000,
,,,0.009426000000,   0.78200,
,,,0.009426400000,   0.78000,
,,,0.009426800000,   0.78000,
,,,0.009427200000,   0.78200,
,,,0.009427600000,   0.77800,
,,,0.009428000000,   0.78000,
,,,0.009428400000,   0.77800,
,,,0.009428800000,   0.77800,
,,,0.009429200000,   0.77400,
,,,0.009429600000,   0.77600,
,,,0.009430000000,   0.77600,
,,,0.009430400000,   0.77400,
,,,0.009430800000,   0.77600,
,,,0.009431200000,   0.77200,
,,,0.009431600000,   0.77400,
,,,0.009432000000,   0.77200,
,,,0.009432400000,   0.77400,
,,,0.009432800000,   0.77200,
,,,0.009433200000,   0.77200,
,,,0.009433600000,   0.77200,
,,,0.009434000000,   0.77000,
,,,0.009434400000,   0.76800,
,,,0.009434800000,   0.77000,
,,,0.009435200000,   0.76800,
,,,0.009435600000,   0.77000,
,,,0.009436000000,   0.76600,
,,,0.009436400000,   0.77000,
,,,0.009436800000,   0.76800,
,,,0.009437200000,   0.76800,
,,,0.009437600000,   0.76600,
,,,0.009438000000,   0.76600,
,,,0.009438400000,   0.76200,
,,,0.009438800000,   0.76600,
,,,0.009439200000,   0.76200,
,,,0.009439600000,   0.76600,
,,,0.009440000000,   0.76400,
,,,0.009440400000,   0.76200,
,,,0.009440800000,   0.76200,
,,,0.009441200000,   0.76200,
,,,0.009441600000,   0.76200,
,,,0.009442000000,   0.76200,
,,,0.009442400000,   0.76000,
,,,0.009442800000,   0.76200,
,,,0.009443200000,   0.76000,
,,,0.009443600000,   0.76000,
,,,0.009444000000,   0.75800,
,,,0.009444400000,   0.75800,
,,,0.009444800000,   0.75800,
,,,0.009445200000,   0.75800,
,,,0.009445600000,   0.75800,
,,,0.009446000000,   0.75600,
,,,0.009446400000,   0.75200,
,,,0.009446800000,   0.75400,
,,,0.009447200000,   0.75400,
,,,0.009447600000,   0.75400,
,,,0.009448000000,   0.75400,
,,,0.009448400000,   0.75400,
,,,0.009448800000,   0.75200,
,,,0.009449200000,   0.74800,
,,,0.009449600000,   0.75200,
,,,0.009450000000,   0.75200,
,,,0.009450400000,   0.75000,
,,,0.009450800000,   0.75000,
,,,0.009451200000,   0.75000,
,,,0.009451600000,   0.75000,
,,,0.009452000000,   0.74800,
,,,0.009452400000,   0.74800,
,,,0.009452800000,   0.75000,
,,,0.009453200000,   0.74800,
,,,0.009453600000,   0.74800,
,,,0.009454000000,   0.75200,
,,,0.009454400000,   0.74800,
,,,0.009454800000,   0.74600,
,,,0.009455200000,   0.74600,
,,,0.009455600000,   0.74200,
,,,0.009456000000,   0.74800,
,,,0.009456400000,   0.74600,
,,,0.009456800000,   0.74200,
,,,0.009457200000,   0.74400,
,,,0.009457600000,   0.74400,
,,,0.009458000000,   0.74600,
,,,0.009458400000,   0.74400,
,,,0.009458800000,   0.74400,
,,,0.009459200000,   0.74200,
,,,0.009459600000,   0.74200,
,,,0.009460000000,   0.74400,
,,,0.009460400000,   0.74200,
,,,0.009460800000,   0.74200,
,,,0.009461200000,   0.74000,
,,,0.009461600000,   0.74200,
,,,0.009462000000,   0.74400,
,,,0.009462400000,   0.74200,
,,,0.009462800000,   0.74200,
,,,0.009463200000,   0.74000,
,,,0.009463600000,   0.74000,
,,,0.009464000000,   0.74000,
,,,0.009464400000,   0.73800,
,,,0.009464800000,   0.74000,
,,,0.009465200000,   0.73800,
,,,0.009465600000,   0.74000,
,,,0.009466000000,   0.73800,
,,,0.009466400000,   0.73800,
,,,0.009466800000,   0.73800,
,,,0.009467200000,   0.73800,
,,,0.009467600000,   0.73800,
,,,0.009468000000,   0.73400,
,,,0.009468400000,   0.73800,
,,,0.009468800000,   0.73800,
,,,0.009469200000,   0.73600,
,,,0.009469600000,   0.73600,
,,,0.009470000000,   0.73600,
,,,0.009470400000,   0.73400,
,,,0.009470800000,   0.73400,
,,,0.009471200000,   0.73400,
,,,0.009471600000,   0.73600,
,,,0.009472000000,   0.73600,
,,,0.009472400000,   0.73200,
,,,0.009472800000,   0.73400,
,,,0.009473200000,   0.73400,
,,,0.009473600000,   0.73400,
,,,0.009474000000,   0.73200,
,,,0.009474400000,   0.73200,
,,,0.009474800000,   0.73400,
,,,0.009475200000,   0.73200,
,,,0.009475600000,   0.73200,
,,,0.009476000000,   0.73200,
,,,0.009476400000,   0.73200,
,,,0.009476800000,   0.73400,
,,,0.009477200000,   0.73200,
,,,0.009477600000,   0.73000,
,,,0.009478000000,   0.73200,
,,,0.009478400000,   0.73200,
,,,0.009478800000,   0.73000,
,,,0.009479200000,   0.73000,
,,,0.009479600000,   0.73000,
,,,0.009480000000,   0.72800,
,,,0.009480400000,   0.73200,
,,,0.009480800000,   0.73000,
,,,0.009481200000,   0.73000,
,,,0.009481600000,   0.73000,
,,,0.009482000000,   0.72800,
,,,0.009482400000,   0.72800,
,,,0.009482800000,   0.72800,
,,,0.009483200000,   0.73000,
,,,0.009483600000,   0.72800,
,,,0.009484000000,   0.73000,
,,,0.009484400000,   0.72800,
,,,0.009484800000,   0.72800,
,,,0.009485200000,   0.72800,
,,,0.009485600000,   0.72600,
,,,0.009486000000,   0.72800,
,,,0.009486400000,   0.73000,
,,,0.009486800000,   0.72800,
,,,0.009487200000,   0.72600,
,,,0.009487600000,   0.72800,
,,,0.009488000000,   0.72800,
,,,0.009488400000,   0.72800,
,,,0.009488800000,   0.72400,
,,,0.009489200000,   0.72800,
,,,0.009489600000,   0.72800,
,,,0.009490000000,   0.72800,
,,,0.009490400000,   0.72400,
,,,0.009490800000,   0.72800,
,,,0.009491200000,   0.72800,
,,,0.009491600000,   0.72800,
,,,0.009492000000,   0.72400,
,,,0.009492400000,   0.72400,
,,,0.009492800000,   0.72200,
,,,0.009493200000,   0.72600,
,,,0.009493600000,   0.72600,
,,,0.009494000000,   0.72600,
,,,0.009494400000,   0.72600,
,,,0.009494800000,   0.72600,
,,,0.009495200000,   0.72400,
,,,0.009495600000,   0.72600,
,,,0.009496000000,   0.72600,
,,,0.009496400000,   0.72600,
,,,0.009496800000,   0.72600,
,,,0.009497200000,   0.72600,
,,,0.009497600000,   0.72600,
,,,0.009498000000,   0.72800,
,,,0.009498400000,   0.72600,
,,,0.009498800000,   0.72600,
,,,0.009499200000,   0.72800,
,,,0.009499600000,   0.72800,
,,,0.009500000000,   0.72600,
,,,0.009500400000,   0.72400,
,,,0.009500800000,   0.72400,
,,,0.009501200000,   0.72800,
,,,0.009501600000,   0.72600,
,,,0.009502000000,   0.72600,
,,,0.009502400000,   0.72600,
,,,0.009502800000,   0.72600,
,,,0.009503200000,   0.72400,
,,,0.009503600000,   0.72600,
,,,0.009504000000,   0.72400,
,,,0.009504400000,   0.72600,
,,,0.009504800000,   0.72400,
,,,0.009505200000,   0.72600,
,,,0.009505600000,   0.72400,
,,,0.009506000000,   0.72600,
,,,0.009506400000,   0.72800,
,,,0.009506800000,   0.72600,
,,,0.009507200000,   0.72400,
,,,0.009507600000,   0.72600,
,,,0.009508000000,   0.72600,
,,,0.009508400000,   0.72400,
,,,0.009508800000,   0.72400,
,,,0.009509200000,   0.72400,
,,,0.009509600000,   0.72600,
,,,0.009510000000,   0.72600,
,,,0.009510400000,   0.72400,
,,,0.009510800000,   0.72600,
,,,0.009511200000,   0.72400,
,,,0.009511600000,   0.72600,
,,,0.009512000000,   0.72400,
,,,0.009512400000,   0.72400,
,,,0.009512800000,   0.72600,
,,,0.009513200000,   0.72400,
,,,0.009513600000,   0.72400,
,,,0.009514000000,   0.72600,
,,,0.009514400000,   0.72600,
,,,0.009514800000,   0.72600,
,,,0.009515200000,   0.72400,
,,,0.009515600000,   0.72800,
,,,0.009516000000,   0.72600,
,,,0.009516400000,   0.72600,
,,,0.009516800000,   0.72800,
,,,0.009517200000,   0.72400,
,,,0.009517600000,   0.72400,
,,,0.009518000000,   0.72600,
,,,0.009518400000,   0.72400,
,,,0.009518800000,   0.72400,
,,,0.009519200000,   0.72200,
,,,0.009519600000,   0.72400,
,,,0.009520000000,   0.72400,
,,,0.009520400000,   0.72400,
,,,0.009520800000,   0.72400,
,,,0.009521200000,   0.72200,
,,,0.009521600000,   0.72600,
,,,0.009522000000,   0.72200,
,,,0.009522400000,   0.72600,
,,,0.009522800000,   0.72400,
,,,0.009523200000,   0.72400,
,,,0.009523600000,   0.72000,
,,,0.009524000000,   0.72400,
,,,0.009524400000,   0.72400,
,,,0.009524800000,   0.72200,
,,,0.009525200000,   0.72000,
,,,0.009525600000,   0.72200,
,,,0.009526000000,   0.72200,
,,,0.009526400000,   0.72400,
,,,0.009526800000,   0.72200,
,,,0.009527200000,   0.72200,
,,,0.009527600000,   0.72200,
,,,0.009528000000,   0.72200,
,,,0.009528400000,   0.72000,
,,,0.009528800000,   0.72000,
,,,0.009529200000,   0.72400,
,,,0.009529600000,   0.72200,
,,,0.009530000000,   0.72000,
,,,0.009530400000,   0.72200,
,,,0.009530800000,   0.72400,
,,,0.009531200000,   0.72200,
,,,0.009531600000,   0.72000,
,,,0.009532000000,   0.72200,
,,,0.009532400000,   0.72000,
,,,0.009532800000,   0.72400,
,,,0.009533200000,   0.72000,
,,,0.009533600000,   0.72200,
,,,0.009534000000,   0.72000,
,,,0.009534400000,   0.72200,
,,,0.009534800000,   0.71800,
,,,0.009535200000,   0.72000,
,,,0.009535600000,   0.72000,
,,,0.009536000000,   0.72000,
,,,0.009536400000,   0.72200,
,,,0.009536800000,   0.72000,
,,,0.009537200000,   0.72000,
,,,0.009537600000,   0.72000,
,,,0.009538000000,   0.71600,
,,,0.009538400000,   0.72000,
,,,0.009538800000,   0.71800,
,,,0.009539200000,   0.71800,
,,,0.009539600000,   0.71800,
,,,0.009540000000,   0.71600,
,,,0.009540400000,   0.72000,
,,,0.009540800000,   0.72000,
,,,0.009541200000,   0.71800,
,,,0.009541600000,   0.72000,
,,,0.009542000000,   0.71800,
,,,0.009542400000,   0.71800,
,,,0.009542800000,   0.71800,
,,,0.009543200000,   0.71800,
,,,0.009543600000,   0.71800,
,,,0.009544000000,   0.71800,
,,,0.009544400000,   0.71800,
,,,0.009544800000,   0.71600,
,,,0.009545200000,   0.71400,
,,,0.009545600000,   0.71600,
,,,0.009546000000,   0.71800,
,,,0.009546400000,   0.71600,
,,,0.009546800000,   0.71800,
,,,0.009547200000,   0.71600,
,,,0.009547600000,   0.71600,
,,,0.009548000000,   0.71600,
,,,0.009548400000,   0.71600,
,,,0.009548800000,   0.71600,
,,,0.009549200000,   0.71600,
,,,0.009549600000,   0.71600,
,,,0.009550000000,   0.71400,
,,,0.009550400000,   0.71600,
,,,0.009550800000,   0.71600,
,,,0.009551200000,   0.71600,
,,,0.009551600000,   0.71400,
,,,0.009552000000,   0.71600,
,,,0.009552400000,   0.71600,
,,,0.009552800000,   0.71400,
,,,0.009553200000,   0.71400,
,,,0.009553600000,   0.71400,
,,,0.009554000000,   0.71400,
,,,0.009554400000,   0.71800,
,,,0.009554800000,   0.71600,
,,,0.009555200000,   0.71400,
,,,0.009555600000,   0.71400,
,,,0.009556000000,   0.71600,
,,,0.009556400000,   0.71600,
,,,0.009556800000,   0.71400,
,,,0.009557200000,   0.71400,
,,,0.009557600000,   0.71400,
,,,0.009558000000,   0.71400,
,,,0.009558400000,   0.71400,
,,,0.009558800000,   0.71400,
,,,0.009559200000,   0.71200,
,,,0.009559600000,   0.71400,
,,,0.009560000000,   0.71200,
,,,0.009560400000,   0.71400,
,,,0.009560800000,   0.71400,
,,,0.009561200000,   0.71200,
,,,0.009561600000,   0.71200,
,,,0.009562000000,   0.71400,
,,,0.009562400000,   0.71600,
,,,0.009562800000,   0.71200,
,,,0.009563200000,   0.71400,
,,,0.009563600000,   0.71200,
,,,0.009564000000,   0.71200,
,,,0.009564400000,   0.71200,
,,,0.009564800000,   0.71200,
,,,0.009565200000,   0.71400,
,,,0.009565600000,   0.71400,
,,,0.009566000000,   0.71200,
,,,0.009566400000,   0.71400,
,,,0.009566800000,   0.71000,
,,,0.009567200000,   0.71200,
,,,0.009567600000,   0.71200,
,,,0.009568000000,   0.70800,
,,,0.009568400000,   0.71400,
,,,0.009568800000,   0.71200,
,,,0.009569200000,   0.71200,
,,,0.009569600000,   0.71200,
,,,0.009570000000,   0.71200,
,,,0.009570400000,   0.71000,
,,,0.009570800000,   0.71200,
,,,0.009571200000,   0.71000,
,,,0.009571600000,   0.71200,
,,,0.009572000000,   0.71000,
,,,0.009572400000,   0.71400,
,,,0.009572800000,   0.71200,
,,,0.009573200000,   0.71400,
,,,0.009573600000,   0.71400,
,,,0.009574000000,   0.71200,
,,,0.009574400000,   0.71200,
,,,0.009574800000,   0.71200,
,,,0.009575200000,   0.71200,
,,,0.009575600000,   0.71000,
,,,0.009576000000,   0.71200,
,,,0.009576400000,   0.71000,
,,,0.009576800000,   0.71200,
,,,0.009577200000,   0.71200,
,,,0.009577600000,   0.71000,
,,,0.009578000000,   0.71000,
,,,0.009578400000,   0.71400,
,,,0.009578800000,   0.71200,
,,,0.009579200000,   0.71000,
,,,0.009579600000,   0.71000,
,,,0.009580000000,   0.71200,
,,,0.009580400000,   0.70800,
,,,0.009580800000,   0.71200,
,,,0.009581200000,   0.71400,
,,,0.009581600000,   0.71400,
,,,0.009582000000,   0.71000,
,,,0.009582400000,   0.71000,
,,,0.009582800000,   0.71000,
,,,0.009583200000,   0.71000,
,,,0.009583600000,   0.71400,
,,,0.009584000000,   0.70800,
,,,0.009584400000,   0.71200,
,,,0.009584800000,   0.71000,
,,,0.009585200000,   0.71200,
,,,0.009585600000,   0.71000,
,,,0.009586000000,   0.71000,
,,,0.009586400000,   0.71200,
,,,0.009586800000,   0.70800,
,,,0.009587200000,   0.71000,
,,,0.009587600000,   0.71000,
,,,0.009588000000,   0.70800,
,,,0.009588400000,   0.71000,
,,,0.009588800000,   0.71200,
,,,0.009589200000,   0.71200,
,,,0.009589600000,   0.71200,
,,,0.009590000000,   0.71200,
,,,0.009590400000,   0.71200,
,,,0.009590800000,   0.71000,
,,,0.009591200000,   0.71200,
,,,0.009591600000,   0.71200,
,,,0.009592000000,   0.71000,
,,,0.009592400000,   0.71200,
,,,0.009592800000,   0.71000,
,,,0.009593200000,   0.71200,
,,,0.009593600000,   0.71200,
,,,0.009594000000,   0.71200,
,,,0.009594400000,   0.71000,
,,,0.009594800000,   0.71200,
,,,0.009595200000,   0.71400,
,,,0.009595600000,   0.71200,
,,,0.009596000000,   0.71000,
,,,0.009596400000,   0.71200,
,,,0.009596800000,   0.71200,
,,,0.009597200000,   0.71000,
,,,0.009597600000,   0.71200,
,,,0.009598000000,   0.71400,
,,,0.009598400000,   0.71400,
,,,0.009598800000,   0.71000,
,,,0.009599200000,   0.71000,
,,,0.009599600000,   0.71200,
,,,0.009600000000,   0.71200,
,,,0.009600400000,   0.71000,
,,,0.009600800000,   0.71400,
,,,0.009601200000,   0.71200,
,,,0.009601600000,   0.71400,
,,,0.009602000000,   0.71400,
,,,0.009602400000,   0.71200,
,,,0.009602800000,   0.71400,
,,,0.009603200000,   0.71400,
,,,0.009603600000,   0.71600,
,,,0.009604000000,   0.71400,
,,,0.009604400000,   0.71200,
,,,0.009604800000,   0.71400,
,,,0.009605200000,   0.71600,
,,,0.009605600000,   0.71400,
,,,0.009606000000,   0.71600,
,,,0.009606400000,   0.71200,
,,,0.009606800000,   0.71400,
,,,0.009607200000,   0.71400,
,,,0.009607600000,   0.71000,
,,,0.009608000000,   0.71400,
,,,0.009608400000,   0.71400,
,,,0.009608800000,   0.71400,
,,,0.009609200000,   0.71400,
,,,0.009609600000,   0.71400,
,,,0.009610000000,   0.71400,
,,,0.009610400000,   0.71600,
,,,0.009610800000,   0.71400,
,,,0.009611200000,   0.71400,
,,,0.009611600000,   0.71400,
,,,0.009612000000,   0.71600,
,,,0.009612400000,   0.71400,
,,,0.009612800000,   0.71400,
,,,0.009613200000,   0.71600,
,,,0.009613600000,   0.71400,
,,,0.009614000000,   0.71400,
,,,0.009614400000,   0.71600,
,,,0.009614800000,   0.71800,
,,,0.009615200000,   0.71600,
,,,0.009615600000,   0.71600,
,,,0.009616000000,   0.71600,
,,,0.009616400000,   0.71800,
,,,0.009616800000,   0.71600,
,,,0.009617200000,   0.71800,
,,,0.009617600000,   0.71400,
,,,0.009618000000,   0.71800,
,,,0.009618400000,   0.71600,
,,,0.009618800000,   0.71600,
,,,0.009619200000,   0.71600,
,,,0.009619600000,   0.71800,
,,,0.009620000000,   0.71600,
,,,0.009620400000,   0.72000,
,,,0.009620800000,   0.71800,
,,,0.009621200000,   0.71800,
,,,0.009621600000,   0.71600,
,,,0.009622000000,   0.71800,
,,,0.009622400000,   0.71800,
,,,0.009622800000,   0.71800,
,,,0.009623200000,   0.71800,
,,,0.009623600000,   0.71800,
,,,0.009624000000,   0.71800,
,,,0.009624400000,   0.72000,
,,,0.009624800000,   0.72200,
,,,0.009625200000,   0.71800,
,,,0.009625600000,   0.71800,
,,,0.009626000000,   0.71800,
,,,0.009626400000,   0.72000,
,,,0.009626800000,   0.72000,
,,,0.009627200000,   0.72200,
,,,0.009627600000,   0.72000,
,,,0.009628000000,   0.72200,
,,,0.009628400000,   0.72000,
,,,0.009628800000,   0.72000,
,,,0.009629200000,   0.71800,
,,,0.009629600000,   0.72000,
,,,0.009630000000,   0.72200,
,,,0.009630400000,   0.72200,
,,,0.009630800000,   0.72200,
,,,0.009631200000,   0.72200,
,,,0.009631600000,   0.72200,
,,,0.009632000000,   0.72200,
,,,0.009632400000,   0.72200,
,,,0.009632800000,   0.72200,
,,,0.009633200000,   0.72400,
,,,0.009633600000,   0.72400,
,,,0.009634000000,   0.72200,
,,,0.009634400000,   0.72200,
,,,0.009634800000,   0.72200,
,,,0.009635200000,   0.72600,
,,,0.009635600000,   0.72600,
,,,0.009636000000,   0.72400,
,,,0.009636400000,   0.72400,
,,,0.009636800000,   0.72600,
,,,0.009637200000,   0.72400,
,,,0.009637600000,   0.72600,
,,,0.009638000000,   0.72400,
,,,0.009638400000,   0.72600,
,,,0.009638800000,   0.72600,
,,,0.009639200000,   0.72600,
,,,0.009639600000,   0.72400,
,,,0.009640000000,   0.72600,
,,,0.009640400000,   0.72400,
,,,0.009640800000,   0.72400,
,,,0.009641200000,   0.72600,
,,,0.009641600000,   0.72600,
,,,0.009642000000,   0.72800,
,,,0.009642400000,   0.72800,
,,,0.009642800000,   0.72800,
,,,0.009643200000,   0.72800,
,,,0.009643600000,   0.72800,
,,,0.009644000000,   0.72600,
,,,0.009644400000,   0.72600,
,,,0.009644800000,   0.72800,
,,,0.009645200000,   0.72800,
,,,0.009645600000,   0.72800,
,,,0.009646000000,   0.72600,
,,,0.009646400000,   0.73000,
,,,0.009646800000,   0.72600,
,,,0.009647200000,   0.72600,
,,,0.009647600000,   0.73000,
,,,0.009648000000,   0.72800,
,,,0.009648400000,   0.72800,
,,,0.009648800000,   0.73000,
,,,0.009649200000,   0.72800,
,,,0.009649600000,   0.73000,
,,,0.009650000000,   0.72800,
,,,0.009650400000,   0.72800,
,,,0.009650800000,   0.73000,
,,,0.009651200000,   0.73000,
,,,0.009651600000,   0.72800,
,,,0.009652000000,   0.73000,
,,,0.009652400000,   0.73200,
,,,0.009652800000,   0.73000,
,,,0.009653200000,   0.72800,
,,,0.009653600000,   0.72600,
,,,0.009654000000,   0.72600,
,,,0.009654400000,   0.72800,
,,,0.009654800000,   0.73000,
,,,0.009655200000,   0.73000,
,,,0.009655600000,   0.72800,
,,,0.009656000000,   0.73000,
,,,0.009656400000,   0.72800,
,,,0.009656800000,   0.73000,
,,,0.009657200000,   0.72600,
,,,0.009657600000,   0.73000,
,,,0.009658000000,   0.72800,
,,,0.009658400000,   0.73000,
,,,0.009658800000,   0.72600,
,,,0.009659200000,   0.72800,
,,,0.009659600000,   0.73000,
,,,0.009660000000,   0.73000,
,,,0.009660400000,   0.73000,
,,,0.009660800000,   0.72800,
,,,0.009661200000,   0.72800,
,,,0.009661600000,   0.72800,
,,,0.009662000000,   0.73200,
,,,0.009662400000,   0.72800,
,,,0.009662800000,   0.72800,
,,,0.009663200000,   0.73000,
,,,0.009663600000,   0.72600,
,,,0.009664000000,   0.72800,
,,,0.009664400000,   0.72800,
,,,0.009664800000,   0.72800,
,,,0.009665200000,   0.72800,
,,,0.009665600000,   0.73000,
,,,0.009666000000,   0.72600,
,,,0.009666400000,   0.73000,
,,,0.009666800000,   0.72600,
,,,0.009667200000,   0.72600,
,,,0.009667600000,   0.72400,
,,,0.009668000000,   0.72600,
,,,0.009668400000,   0.72800,
,,,0.009668800000,   0.72600,
,,,0.009669200000,   0.72800,
,,,0.009669600000,   0.72800,
,,,0.009670000000,   0.72600,
,,,0.009670400000,   0.72400,
,,,0.009670800000,   0.72600,
,,,0.009671200000,   0.72800,
,,,0.009671600000,   0.72600,
,,,0.009672000000,   0.72800,
,,,0.009672400000,   0.72800,
,,,0.009672800000,   0.72400,
,,,0.009673200000,   0.72800,
,,,0.009673600000,   0.72600,
,,,0.009674000000,   0.72600,
,,,0.009674400000,   0.72400,
,,,0.009674800000,   0.72600,
,,,0.009675200000,   0.72800,
,,,0.009675600000,   0.72400,
,,,0.009676000000,   0.72400,
,,,0.009676400000,   0.72800,
,,,0.009676800000,   0.72400,
,,,0.009677200000,   0.72400,
,,,0.009677600000,   0.72400,
,,,0.009678000000,   0.72400,
,,,0.009678400000,   0.72400,
,,,0.009678800000,   0.72600,
,,,0.009679200000,   0.72600,
,,,0.009679600000,   0.72600,
,,,0.009680000000,   0.72600,
,,,0.009680400000,   0.72400,
,,,0.009680800000,   0.72600,
,,,0.009681200000,   0.72400,
,,,0.009681600000,   0.72400,
,,,0.009682000000,   0.72400,
,,,0.009682400000,   0.72400,
,,,0.009682800000,   0.72400,
,,,0.009683200000,   0.72400,
,,,0.009683600000,   0.72200,
,,,0.009684000000,   0.72400,
,,,0.009684400000,   0.72400,
,,,0.009684800000,   0.72600,
,,,0.009685200000,   0.72200,
,,,0.009685600000,   0.72000,
,,,0.009686000000,   0.72200,
,,,0.009686400000,   0.72400,
,,,0.009686800000,   0.72200,
,,,0.009687200000,   0.72200,
,,,0.009687600000,   0.72400,
,,,0.009688000000,   0.72600,
,,,0.009688400000,   0.72200,
,,,0.009688800000,   0.72200,
,,,0.009689200000,   0.72200,
,,,0.009689600000,   0.72400,
,,,0.009690000000,   0.72200,
,,,0.009690400000,   0.72400,
,,,0.009690800000,   0.72200,
,,,0.009691200000,   0.72400,
,,,0.009691600000,   0.72200,
,,,0.009692000000,   0.72200,
,,,0.009692400000,   0.72400,
,,,0.009692800000,   0.72200,
,,,0.009693200000,   0.72400,
,,,0.009693600000,   0.72200,
,,,0.009694000000,   0.72400,
,,,0.009694400000,   0.72200,
,,,0.009694800000,   0.72200,
,,,0.009695200000,   0.72000,
,,,0.009695600000,   0.72400,
,,,0.009696000000,   0.72200,
,,,0.009696400000,   0.72400,
,,,0.009696800000,   0.72000,
,,,0.009697200000,   0.72400,
,,,0.009697600000,   0.72400,
,,,0.009698000000,   0.72200,
,,,0.009698400000,   0.72200,
,,,0.009698800000,   0.72400,
,,,0.009699200000,   0.72200,
,,,0.009699600000,   0.72000,
,,,0.009700000000,   0.72600,
,,,0.009700400000,   0.72200,
,,,0.009700800000,   0.72400,
,,,0.009701200000,   0.72400,
,,,0.009701600000,   0.72200,
,,,0.009702000000,   0.72200,
,,,0.009702400000,   0.72400,
,,,0.009702800000,   0.72200,
,,,0.009703200000,   0.72200,
,,,0.009703600000,   0.72200,
,,,0.009704000000,   0.72400,
,,,0.009704400000,   0.72200,
,,,0.009704800000,   0.72000,
,,,0.009705200000,   0.72400,
,,,0.009705600000,   0.72200,
,,,0.009706000000,   0.72000,
,,,0.009706400000,   0.72200,
,,,0.009706800000,   0.72000,
,,,0.009707200000,   0.72200,
,,,0.009707600000,   0.72000,
,,,0.009708000000,   0.72200,
,,,0.009708400000,   0.71800,
,,,0.009708800000,   0.72200,
,,,0.009709200000,   0.72200,
,,,0.009709600000,   0.72200,
,,,0.009710000000,   0.72200,
,,,0.009710400000,   0.72200,
,,,0.009710800000,   0.72200,
,,,0.009711200000,   0.72000,
,,,0.009711600000,   0.72000,
,,,0.009712000000,   0.72200,
,,,0.009712400000,   0.72200,
,,,0.009712800000,   0.72200,
,,,0.009713200000,   0.72000,
,,,0.009713600000,   0.72000,
,,,0.009714000000,   0.72200,
,,,0.009714400000,   0.72200,
,,,0.009714800000,   0.72200,
,,,0.009715200000,   0.72000,
,,,0.009715600000,   0.72200,
,,,0.009716000000,   0.72200,
,,,0.009716400000,   0.72200,
,,,0.009716800000,   0.72200,
,,,0.009717200000,   0.72000,
,,,0.009717600000,   0.72000,
,,,0.009718000000,   0.72200,
,,,0.009718400000,   0.72000,
,,,0.009718800000,   0.72200,
,,,0.009719200000,   0.72200,
,,,0.009719600000,   0.71800,
,,,0.009720000000,   0.72200,
,,,0.009720400000,   0.72000,
,,,0.009720800000,   0.72000,
,,,0.009721200000,   0.71800,
,,,0.009721600000,   0.72000,
,,,0.009722000000,   0.72200,
,,,0.009722400000,   0.72200,
,,,0.009722800000,   0.72000,
,,,0.009723200000,   0.71800,
,,,0.009723600000,   0.72000,
,,,0.009724000000,   0.72000,
,,,0.009724400000,   0.72200,
,,,0.009724800000,   0.72200,
,,,0.009725200000,   0.72200,
,,,0.009725600000,   0.72000,
,,,0.009726000000,   0.72400,
,,,0.009726400000,   0.72000,
,,,0.009726800000,   0.72000,
,,,0.009727200000,   0.72000,
,,,0.009727600000,   0.72200,
,,,0.009728000000,   0.72200,
,,,0.009728400000,   0.71800,
,,,0.009728800000,   0.72000,
,,,0.009729200000,   0.72200,
,,,0.009729600000,   0.72000,
,,,0.009730000000,   0.72000,
,,,0.009730400000,   0.72200,
,,,0.009730800000,   0.72400,
,,,0.009731200000,   0.72200,
,,,0.009731600000,   0.72200,
,,,0.009732000000,   0.72200,
,,,0.009732400000,   0.72200,
,,,0.009732800000,   0.72400,
,,,0.009733200000,   0.72400,
,,,0.009733600000,   0.72200,
,,,0.009734000000,   0.72200,
,,,0.009734400000,   0.72200,
,,,0.009734800000,   0.72000,
,,,0.009735200000,   0.72400,
,,,0.009735600000,   0.72200,
,,,0.009736000000,   0.72200,
,,,0.009736400000,   0.72200,
,,,0.009736800000,   0.72400,
,,,0.009737200000,   0.72400,
,,,0.009737600000,   0.72400,
,,,0.009738000000,   0.72200,
,,,0.009738400000,   0.72400,
,,,0.009738800000,   0.72400,
,,,0.009739200000,   0.72400,
,,,0.009739600000,   0.72400,
,,,0.009740000000,   0.72200,
,,,0.009740400000,   0.72400,
,,,0.009740800000,   0.72400,
,,,0.009741200000,   0.72400,
,,,0.009741600000,   0.72200,
,,,0.009742000000,   0.72400,
,,,0.009742400000,   0.72200,
,,,0.009742800000,   0.72400,
,,,0.009743200000,   0.72400,
,,,0.009743600000,   0.72200,
,,,0.009744000000,   0.72400,
,,,0.009744400000,   0.72200,
,,,0.009744800000,   0.72400,
,,,0.009745200000,   0.72400,
,,,0.009745600000,   0.72400,
,,,0.009746000000,   0.72400,
,,,0.009746400000,   0.72400,
,,,0.009746800000,   0.72600,
,,,0.009747200000,   0.72400,
,,,0.009747600000,   0.72600,
,,,0.009748000000,   0.72400,
,,,0.009748400000,   0.72400,
,,,0.009748800000,   0.72600,
,,,0.009749200000,   0.72400,
,,,0.009749600000,   0.72400,
,,,0.009750000000,   0.72400,
,,,0.009750400000,   0.72600,
,,,0.009750800000,   0.72400,
,,,0.009751200000,   0.72600,
,,,0.009751600000,   0.72400,
,,,0.009752000000,   0.72600,
,,,0.009752400000,   0.72600,
,,,0.009752800000,   0.72400,
,,,0.009753200000,   0.72400,
,,,0.009753600000,   0.72400,
,,,0.009754000000,   0.72800,
,,,0.009754400000,   0.72600,
,,,0.009754800000,   0.72600,
,,,0.009755200000,   0.72600,
,,,0.009755600000,   0.72800,
,,,0.009756000000,   0.72200,
,,,0.009756400000,   0.72600,
,,,0.009756800000,   0.72600,
,,,0.009757200000,   0.72600,
,,,0.009757600000,   0.72600,
,,,0.009758000000,   0.72600,
,,,0.009758400000,   0.72600,
,,,0.009758800000,   0.72400,
,,,0.009759200000,   0.72800,
,,,0.009759600000,   0.72600,
,,,0.009760000000,   0.72800,
,,,0.009760400000,   0.72800,
,,,0.009760800000,   0.72600,
,,,0.009761200000,   0.73000,
,,,0.009761600000,   0.72800,
,,,0.009762000000,   0.72600,
,,,0.009762400000,   0.72800,
,,,0.009762800000,   0.72600,
,,,0.009763200000,   0.72800,
,,,0.009763600000,   0.72600,
,,,0.009764000000,   0.73000,
,,,0.009764400000,   0.72600,
,,,0.009764800000,   0.72800,
,,,0.009765200000,   0.72800,
,,,0.009765600000,   0.73000,
,,,0.009766000000,   0.72400,
,,,0.009766400000,   0.72800,
,,,0.009766800000,   0.72600,
,,,0.009767200000,   0.72800,
,,,0.009767600000,   0.72800,
,,,0.009768000000,   0.72800,
,,,0.009768400000,   0.72600,
,,,0.009768800000,   0.72800,
,,,0.009769200000,   0.72600,
,,,0.009769600000,   0.72800,
,,,0.009770000000,   0.72800,
,,,0.009770400000,   0.72800,
,,,0.009770800000,   0.72800,
,,,0.009771200000,   0.72800,
,,,0.009771600000,   0.72800,
,,,0.009772000000,   0.72800,
,,,0.009772400000,   0.72400,
,,,0.009772800000,   0.72800,
,,,0.009773200000,   0.73000,
,,,0.009773600000,   0.72800,
,,,0.009774000000,   0.72800,
,,,0.009774400000,   0.72600,
,,,0.009774800000,   0.73200,
,,,0.009775200000,   0.73200,
,,,0.009775600000,   0.73000,
,,,0.009776000000,   0.72600,
,,,0.009776400000,   0.72800,
,,,0.009776800000,   0.73000,
,,,0.009777200000,   0.72800,
,,,0.009777600000,   0.73000,
,,,0.009778000000,   0.72800,
,,,0.009778400000,   0.73000,
,,,0.009778800000,   0.73000,
,,,0.009779200000,   0.73200,
,,,0.009779600000,   0.73200,
,,,0.009780000000,   0.73200,
,,,0.009780400000,   0.73000,
,,,0.009780800000,   0.73200,
,,,0.009781200000,   0.73000,
,,,0.009781600000,   0.73000,
,,,0.009782000000,   0.73000,
,,,0.009782400000,   0.72800,
,,,0.009782800000,   0.73200,
,,,0.009783200000,   0.73000,
,,,0.009783600000,   0.73200,
,,,0.009784000000,   0.73000,
,,,0.009784400000,   0.73000,
,,,0.009784800000,   0.73000,
,,,0.009785200000,   0.73200,
,,,0.009785600000,   0.73200,
,,,0.009786000000,   0.72800,
,,,0.009786400000,   0.73000,
,,,0.009786800000,   0.72800,
,,,0.009787200000,   0.73200,
,,,0.009787600000,   0.73000,
,,,0.009788000000,   0.73000,
,,,0.009788400000,   0.73000,
,,,0.009788800000,   0.73200,
,,,0.009789200000,   0.73000,
,,,0.009789600000,   0.73200,
,,,0.009790000000,   0.73000,
,,,0.009790400000,   0.73000,
,,,0.009790800000,   0.73200,
,,,0.009791200000,   0.73200,
,,,0.009791600000,   0.73000,
,,,0.009792000000,   0.73400,
,,,0.009792400000,   0.73000,
,,,0.009792800000,   0.73200,
,,,0.009793200000,   0.73000,
,,,0.009793600000,   0.73200,
,,,0.009794000000,   0.73200,
,,,0.009794400000,   0.73200,
,,,0.009794800000,   0.73200,
,,,0.009795200000,   0.73400,
,,,0.009795600000,   0.73000,
,,,0.009796000000,   0.73200,
,,,0.009796400000,   0.73000,
,,,0.009796800000,   0.73000,
,,,0.009797200000,   0.73400,
,,,0.009797600000,   0.73200,
,,,0.009798000000,   0.73200,
,,,0.009798400000,   0.73200,
,,,0.009798800000,   0.73200,
,,,0.009799200000,   0.73200,
,,,0.009799600000,   0.73200,
,,,0.009800000000,   0.73200,
,,,0.009800400000,   0.73200,
,,,0.009800800000,   0.73400,
,,,0.009801200000,   0.73200,
,,,0.009801600000,   0.73400,
,,,0.009802000000,   0.73200,
,,,0.009802400000,   0.73000,
,,,0.009802800000,   0.73200,
,,,0.009803200000,   0.73200,
,,,0.009803600000,   0.73400,
,,,0.009804000000,   0.73200,
,,,0.009804400000,   0.73200,
,,,0.009804800000,   0.73200,
,,,0.009805200000,   0.73200,
,,,0.009805600000,   0.73000,
,,,0.009806000000,   0.73400,
,,,0.009806400000,   0.73400,
,,,0.009806800000,   0.73400,
,,,0.009807200000,   0.73200,
,,,0.009807600000,   0.73400,
,,,0.009808000000,   0.73400,
,,,0.009808400000,   0.73400,
,,,0.009808800000,   0.73400,
,,,0.009809200000,   0.73400,
,,,0.009809600000,   0.73400,
,,,0.009810000000,   0.73600,
,,,0.009810400000,   0.73400,
,,,0.009810800000,   0.73400,
,,,0.009811200000,   0.73600,
,,,0.009811600000,   0.73200,
,,,0.009812000000,   0.73200,
,,,0.009812400000,   0.73200,
,,,0.009812800000,   0.73600,
,,,0.009813200000,   0.73400,
,,,0.009813600000,   0.73400,
,,,0.009814000000,   0.73400,
,,,0.009814400000,   0.73200,
,,,0.009814800000,   0.73200,
,,,0.009815200000,   0.73600,
,,,0.009815600000,   0.73400,
,,,0.009816000000,   0.73600,
,,,0.009816400000,   0.73400,
,,,0.009816800000,   0.73400,
,,,0.009817200000,   0.73200,
,,,0.009817600000,   0.73400,
,,,0.009818000000,   0.73600,
,,,0.009818400000,   0.73400,
,,,0.009818800000,   0.73600,
,,,0.009819200000,   0.73400,
,,,0.009819600000,   0.73400,
,,,0.009820000000,   0.73400,
,,,0.009820400000,   0.73400,
,,,0.009820800000,   0.73200,
,,,0.009821200000,   0.73800,
,,,0.009821600000,   0.73400,
,,,0.009822000000,   0.73400,
,,,0.009822400000,   0.73400,
,,,0.009822800000,   0.73400,
,,,0.009823200000,   0.73600,
,,,0.009823600000,   0.73400,
,,,0.009824000000,   0.73400,
,,,0.009824400000,   0.73400,
,,,0.009824800000,   0.73400,
,,,0.009825200000,   0.73400,
,,,0.009825600000,   0.73600,
,,,0.009826000000,   0.73200,
,,,0.009826400000,   0.73200,
,,,0.009826800000,   0.73400,
,,,0.009827200000,   0.73200,
,,,0.009827600000,   0.73400,
,,,0.009828000000,   0.73400,
,,,0.009828400000,   0.73600,
,,,0.009828800000,   0.73600,
,,,0.009829200000,   0.73800,
,,,0.009829600000,   0.73600,
,,,0.009830000000,   0.73800,
,,,0.009830400000,   0.73400,
,,,0.009830800000,   0.73400,
,,,0.009831200000,   0.73400,
,,,0.009831600000,   0.73600,
,,,0.009832000000,   0.73400,
,,,0.009832400000,   0.73400,
,,,0.009832800000,   0.73600,
,,,0.009833200000,   0.73800,
,,,0.009833600000,   0.73400,
,,,0.009834000000,   0.73600,
,,,0.009834400000,   0.73600,
,,,0.009834800000,   0.73800,
,,,0.009835200000,   0.73600,
,,,0.009835600000,   0.74000,
,,,0.009836000000,   0.73600,
,,,0.009836400000,   0.73600,
,,,0.009836800000,   0.73600,
,,,0.009837200000,   0.73800,
,,,0.009837600000,   0.73600,
,,,0.009838000000,   0.73600,
,,,0.009838400000,   0.73800,
,,,0.009838800000,   0.73800,
,,,0.009839200000,   0.73800,
,,,0.009839600000,   0.73600,
,,,0.009840000000,   0.73600,
,,,0.009840400000,   0.74000,
,,,0.009840800000,   0.73800,
,,,0.009841200000,   0.73800,
,,,0.009841600000,   0.73800,
,,,0.009842000000,   0.73600,
,,,0.009842400000,   0.73800,
,,,0.009842800000,   0.73800,
,,,0.009843200000,   0.73600,
,,,0.009843600000,   0.74000,
,,,0.009844000000,   0.73600,
,,,0.009844400000,   0.73800,
,,,0.009844800000,   0.73800,
,,,0.009845200000,   0.73400,
,,,0.009845600000,   0.73600,
,,,0.009846000000,   0.73800,
,,,0.009846400000,   0.74200,
,,,0.009846800000,   0.73600,
,,,0.009847200000,   0.74200,
,,,0.009847600000,   0.73600,
,,,0.009848000000,   0.74200,
,,,0.009848400000,   0.73800,
,,,0.009848800000,   0.73800,
,,,0.009849200000,   0.74000,
,,,0.009849600000,   0.74000,
,,,0.009850000000,   0.74000,
,,,0.009850400000,   0.74000,
,,,0.009850800000,   0.74000,
,,,0.009851200000,   0.73600,
,,,0.009851600000,   0.74000,
,,,0.009852000000,   0.74000,
,,,0.009852400000,   0.74000,
,,,0.009852800000,   0.73800,
,,,0.009853200000,   0.74200,
,,,0.009853600000,   0.73800,
,,,0.009854000000,   0.74200,
,,,0.009854400000,   0.74200,
,,,0.009854800000,   0.74000,
,,,0.009855200000,   0.73800,
,,,0.009855600000,   0.74000,
,,,0.009856000000,   0.74000,
,,,0.009856400000,   0.74200,
,,,0.009856800000,   0.74000,
,,,0.009857200000,   0.74000,
,,,0.009857600000,   0.74200,
,,,0.009858000000,   0.74200,
,,,0.009858400000,   0.74200,
,,,0.009858800000,   0.74000,
,,,0.009859200000,   0.74200,
,,,0.009859600000,   0.74000,
,,,0.009860000000,   0.74000,
,,,0.009860400000,   0.74000,
,,,0.009860800000,   0.74200,
,,,0.009861200000,   0.74200,
,,,0.009861600000,   0.74200,
,,,0.009862000000,   0.74000,
,,,0.009862400000,   0.74200,
,,,0.009862800000,   0.74200,
,,,0.009863200000,   0.74200,
,,,0.009863600000,   0.74200,
,,,0.009864000000,   0.74200,
,,,0.009864400000,   0.74200,
,,,0.009864800000,   0.74200,
,,,0.009865200000,   0.74000,
,,,0.009865600000,   0.74000,
,,,0.009866000000,   0.74000,
,,,0.009866400000,   0.74600,
,,,0.009866800000,   0.74200,
,,,0.009867200000,   0.74400,
,,,0.009867600000,   0.74400,
,,,0.009868000000,   0.74400,
,,,0.009868400000,   0.74400,
,,,0.009868800000,   0.74200,
,,,0.009869200000,   0.74400,
,,,0.009869600000,   0.74400,
,,,0.009870000000,   0.74000,
,,,0.009870400000,   0.74400,
,,,0.009870800000,   0.74200,
,,,0.009871200000,   0.74400,
,,,0.009871600000,   0.74400,
,,,0.009872000000,   0.74400,
,,,0.009872400000,   0.74400,
,,,0.009872800000,   0.74600,
,,,0.009873200000,   0.74400,
,,,0.009873600000,   0.74200,
,,,0.009874000000,   0.74400,
,,,0.009874400000,   0.74600,
,,,0.009874800000,   0.74200,
,,,0.009875200000,   0.74600,
,,,0.009875600000,   0.74400,
,,,0.009876000000,   0.74200,
,,,0.009876400000,   0.74400,
,,,0.009876800000,   0.74400,
,,,0.009877200000,   0.74600,
,,,0.009877600000,   0.74200,
,,,0.009878000000,   0.74400,
,,,0.009878400000,   0.74600,
,,,0.009878800000,   0.74800,
,,,0.009879200000,   0.74400,
,,,0.009879600000,   0.74600,
,,,0.009880000000,   0.74600,
,,,0.009880400000,   0.74600,
,,,0.009880800000,   0.74600,
,,,0.009881200000,   0.74600,
,,,0.009881600000,   0.73800,
,,,0.009882000000,   0.74600,
,,,0.009882400000,   0.74600,
,,,0.009882800000,   0.74400,
,,,0.009883200000,   0.74400,
,,,0.009883600000,   0.74400,
,,,0.009884000000,   0.74400,
,,,0.009884400000,   0.74600,
,,,0.009884800000,   0.74400,
,,,0.009885200000,   0.74600,
,,,0.009885600000,   0.74600,
,,,0.009886000000,   0.74800,
,,,0.009886400000,   0.74800,
,,,0.009886800000,   0.74600,
,,,0.009887200000,   0.74800,
,,,0.009887600000,   0.74600,
,,,0.009888000000,   0.74600,
,,,0.009888400000,   0.74800,
,,,0.009888800000,   0.74800,
,,,0.009889200000,   0.75000,
,,,0.009889600000,   0.74800,
,,,0.009890000000,   0.75000,
,,,0.009890400000,   0.74800,
,,,0.009890800000,   0.74600,
,,,0.009891200000,   0.74800,
,,,0.009891600000,   0.74800,
,,,0.009892000000,   0.74800,
,,,0.009892400000,   0.74800,
,,,0.009892800000,   0.74800,
,,,0.009893200000,   0.75000,
,,,0.009893600000,   0.74800,
,,,0.009894000000,   0.75000,
,,,0.009894400000,   0.75000,
,,,0.009894800000,   0.74600,
,,,0.009895200000,   0.74800,
,,,0.009895600000,   0.74800,
,,,0.009896000000,   0.75000,
,,,0.009896400000,   0.75000,
,,,0.009896800000,   0.74800,
,,,0.009897200000,   0.75000,
,,,0.009897600000,   0.75000,
,,,0.009898000000,   0.75000,
,,,0.009898400000,   0.75000,
,,,0.009898800000,   0.75200,
,,,0.009899200000,   0.74800,
,,,0.009899600000,   0.74800,
,,,0.009900000000,   0.74800,
,,,0.009900400000,   0.75200,
,,,0.009900800000,   0.74800,
,,,0.009901200000,   0.75200,
,,,0.009901600000,   0.75000,
,,,0.009902000000,   0.75000,
,,,0.009902400000,   0.75200,
,,,0.009902800000,   0.74800,
,,,0.009903200000,   0.75000,
,,,0.009903600000,   0.75000,
,,,0.009904000000,   0.75000,
,,,0.009904400000,   0.75000,
,,,0.009904800000,   0.75000,
,,,0.009905200000,   0.75000,
,,,0.009905600000,   0.75000,
,,,0.009906000000,   0.75200,
,,,0.009906400000,   0.75200,
,,,0.009906800000,   0.75000,
,,,0.009907200000,   0.75000,
,,,0.009907600000,   0.75400,
,,,0.009908000000,   0.75200,
,,,0.009908400000,   0.75200,
,,,0.009908800000,   0.75200,
,,,0.009909200000,   0.75200,
,,,0.009909600000,   0.75000,
,,,0.009910000000,   0.75200,
,,,0.009910400000,   0.75400,
,,,0.009910800000,   0.75200,
,,,0.009911200000,   0.75200,
,,,0.009911600000,   0.75200,
,,,0.009912000000,   0.75200,
,,,0.009912400000,   0.75400,
,,,0.009912800000,   0.75400,
,,,0.009913200000,   0.75400,
,,,0.009913600000,   0.75400,
,,,0.009914000000,   0.75400,
,,,0.009914400000,   0.75200,
,,,0.009914800000,   0.75400,
,,,0.009915200000,   0.75000,
,,,0.009915600000,   0.75400,
,,,0.009916000000,   0.75400,
,,,0.009916400000,   0.75200,
,,,0.009916800000,   0.75400,
,,,0.009917200000,   0.75200,
,,,0.009917600000,   0.75600,
,,,0.009918000000,   0.75200,
,,,0.009918400000,   0.75200,
,,,0.009918800000,   0.75400,
,,,0.009919200000,   0.75600,
,,,0.009919600000,   0.75400,
